timestamp,checksum,payload,length,is_covert
1748423163.7890682,42923,[1]is a test me,15,1
1748423163.789422,50793,[7]message. Hel,15,1
1748423163.7899125,17308,"[3], this is a ",15,1
1748423163.7902443,0,[4]test message,15,1
1748423163.790702,60576,[6]s is a test ,15,1
1748423163.7929323,0,"[0]Hello, this ",15,1
1748423163.7932882,0,"[5]. Hello, thi",15,1
1748423163.8012657,0,[2]ssage. Hello,15,1
1748423164.8453786,0,[1]is a test me,15,1
1748423164.8457873,0,[2]ssage. Hello,15,1
1748423164.8461711,0,"[0]Hello, this ",15,1
1748423164.8530567,0,[6]s is a test ,15,1
1748423164.8534265,50793,[7]message. Hel,15,1
1748423164.8537588,0,[4]test message,15,1
1748423164.8540885,17308,"[3], this is a ",15,1
1748423164.85486,60861,"[5]. Hello, thi",15,1
1748423164.8940792,0,"[8]lo, this is ",15,1
1748423164.9433343,44370,[9]a test messa,15,1
1748423164.9971063,0,"[10]ge. Hello, t",16,1
1748423165.0540152,0,[11]his is a tes,16,1
1748423165.1140807,53314,[14]s a test mes,16,1
1748423165.1143732,0,"[13]ello, this i",16,1
1748423165.1272216,0,[12]t message. H,16,1
1748423165.1730468,58456,"[15]sage. Hello,",16,1
1748423165.2100463,0,[16] this is a t,16,1
1748423165.2551453,36411,[17]est message.,16,1
1748423165.3010635,4638,"[18] Hello, this",16,1
1748423165.3482382,0,[19] is a test m,16,1
1748423165.4361336,62224,[20]essage. Hell,16,1
1748423165.4366968,55284,[22] test messag,16,1
1748423165.4371092,8254,"[21]o, this is a",16,1
1748423165.4783676,7010,"[23]e. Hello, th",16,1
1748423165.5191205,0,[24]is is a test,16,1
1748423165.5580378,14864,[25] message. He,16,1
1748423165.6100771,53042,"[26]llo, this is",16,1
1748423165.6580877,5115,[27] a test mess,16,1
1748423165.7172453,50769,[29]this is a te,16,1
1748423165.7176077,0,"[28]age. Hello, ",16,1
1748423165.762165,5120,[30]st message. ,16,1
1748423165.8101654,0,"[31]Hello, this ",16,1
1748423165.8489761,0,[32]is a test me,16,1
1748423165.9000983,59150,[33]ssage. Hello,16,1
1748423165.9642043,5014,"[34], this is a ",16,1
1748423166.0122418,0,[35]test message,16,1
1748423166.066037,6207,[37]s is a test ,16,1
1748423166.0665019,0,"[36]. Hello, thi",16,1
1748423166.103009,0,[38]message. Hel,16,1
1748423166.1533895,839,"[39]lo, this is ",16,1
1748423166.187093,0,[40]a test messa,16,1
1748423166.2410617,15171,"[41]ge. Hello, t",16,1
1748423166.2903283,10485,[42]his is a tes,16,1
1748423166.3333278,55139,[43]t message. H,16,1
1748423166.3970428,0,[45]s a test mes,16,1
1748423166.397348,0,"[44]ello, this i",16,1
1748423166.4420373,58197,"[46]sage. Hello,",16,1
1748423166.4862876,0,[47] this is a t,16,1
1748423166.5331924,0,[48]est message.,16,1
1748423166.5792394,4379,"[49] Hello, this",16,1
1748423166.619201,6473,[50] is a test m,16,1
1748423166.6670656,61965,[51]essage. Hell,16,1
1748423166.7090576,0,"[52]o, this is a",16,1
1748423166.7532115,55025,[53] test messag,16,1
1748423166.797153,0,"[54]e. Hello, th",16,1
1748423166.853142,0,[55]is is a test,16,1
1748423166.8931732,0,[56] message. He,16,1
1748423166.9370139,0,"[57]llo, this is",16,1
1748423166.9819996,4856,[58] a test mess,16,1
1748423167.0300877,0,"[59]age. Hello, ",16,1
1748423167.074316,53069,[60]this is a te,16,1
1748423167.1140919,4861,[61]st message. ,16,1
1748423167.170096,62524,"[62]Hello, this ",16,1
1748423167.2240276,0,[63]is a test me,16,1
1748423167.2689667,0,[64]ssage. Hello,16,1
1748423167.3202271,4755,"[65], this is a ",16,1
1748423167.378091,0,[66]test message,16,1
1748423167.4300156,0,"[67]. Hello, thi",16,1
1748423167.479085,0,[68]s is a test ,16,1
1748423167.5240333,0,[69]message. Hel,16,1
1748423167.5681324,3139,"[70]lo, this is ",16,1
1748423167.6160486,54011,[71]a test messa,16,1
1748423167.6550362,0,"[72]ge. Hello, t",16,1
1748423167.7006254,10226,[73]his is a tes,16,1
1748423167.7440655,54880,[74]t message. H,16,1
1748423167.78445,0,"[75]ello, this i",16,1
1748423167.8260424,52796,[76]s a test mes,16,1
1748423167.883139,57938,"[77]sage. Hello,",16,1
1748423167.919015,26609,[78] this is a t,16,1
1748423167.9591894,35893,[79]est message.,16,1
1748423168.003031,0,"[80] Hello, this",16,1
1748423168.048103,6214,[81] is a test m,16,1
1748423168.0840533,61706,[82]essage. Hell,16,1
1748423168.128015,7736,"[83]o, this is a",16,1
1748423168.1612525,0,[84] test messag,16,1
1748423168.2051759,6492,"[85]e. Hello, th",16,1
1748423168.2453964,51775,[86]is is a test,16,1
1748423168.2912683,0,[87] message. He,16,1
1748423168.3352094,0,"[88]llo, this is",16,1
1748423168.3872662,4597,[89] a test mess,16,1
1748423168.4350994,12636,"[90]age. Hello, ",16,1
1748423168.4751868,0,[91]this is a te,16,1
1748423168.519034,0,[92]st message. ,16,1
1748423168.5623941,62265,"[93]Hello, this ",16,1
1748423168.6060486,0,[94]is a test me,16,1
1748423168.6542,58632,[95]ssage. Hello,16,1
1748423168.7180774,0,"[96], this is a ",16,1
1748423168.7633553,50868,[97]test message,16,1
1748423168.8113089,13114,"[98]. Hello, thi",16,1
1748423168.8681438,5689,[99]s is a test ,16,1
1748423168.9120924,0,[100]message. Hel,17,1
1748423168.9521124,0,"[101]lo, this is ",17,1
1748423168.990082,32036,[102]a test messa,17,1
1748423169.0493145,0,"[103]ge. Hello, t",17,1
1748423169.0940251,0,[104]his is a tes,17,1
1748423169.1342025,57895,[105]t message. H,17,1
1748423169.1744,30822,"[106]ello, this i",17,1
1748423169.2240872,48671,[107]s a test mes,17,1
1748423169.265001,0,"[108]sage. Hello,",17,1
1748423169.31412,29369,[109] this is a t,17,1
1748423169.3590126,0,[110]est message.,17,1
1748423169.4030297,0,"[111] Hello, this",17,1
1748423169.4392393,0,[112] is a test m,17,1
1748423169.4749362,0,[113]essage. Hell,17,1
1748423169.5241225,47471,"[114]o, this is a",17,1
1748423169.5720701,0,[115] test messag,17,1
1748423169.610342,56682,"[116]e. Hello, th",17,1
1748423169.6560407,49435,[117]is is a test,17,1
1748423169.699065,35721,[118] message. He,17,1
1748423169.759101,0,"[119]llo, this is",17,1
1748423169.8170435,0,[120] a test mess,17,1
1748423169.8640504,56706,"[121]age. Hello, ",17,1
1748423169.9091306,0,[122]this is a te,17,1
1748423169.958017,0,[123]st message. ,17,1
1748423170.0019505,0,"[124]Hello, this ",17,1
1748423170.0540652,0,[125]is a test me,17,1
1748423170.0984366,35382,[126]ssage. Hello,17,1
1748423170.1460955,4451,"[127], this is a ",17,1
1748423170.1859915,0,[128]test message,17,1
1748423170.2312636,48004,"[129]. Hello, thi",17,1
1748423170.2740273,47473,[130]s is a test ,17,1
1748423170.3203218,0,[131]message. Hel,17,1
1748423170.3654141,49500,"[132]lo, this is ",17,1
1748423170.409045,31267,[133]a test messa,17,1
1748423170.4591284,48778,"[134]ge. Hello, t",17,1
1748423170.5070813,28792,[135]his is a tes,17,1
1748423170.5500388,0,[136]t message. H,17,1
1748423170.5970452,30053,"[137]ello, this i",17,1
1748423170.640151,47902,[138]s a test mes,17,1
1748423170.6821115,53554,"[139]sage. Hello,",17,1
1748423170.7289877,0,[140] this is a t,17,1
1748423170.7702577,45798,[141]est message.,17,1
1748423170.835107,38250,"[142] Hello, this",17,1
1748423170.8790188,0,[143] is a test m,17,1
1748423170.9171197,0,[144]essage. Hell,17,1
1748423170.959232,46702,"[145]o, this is a",17,1
1748423171.013154,27942,[146] test messag,17,1
1748423171.057439,0,"[147]e. Hello, th",17,1
1748423171.0980256,0,[148]is is a test,17,1
1748423171.144289,34952,[149] message. He,17,1
1748423171.1931717,0,"[150]llo, this is",17,1
1748423171.241145,29292,[151] a test mess,17,1
1748423171.2853298,0,"[152]age. Hello, ",17,1
1748423171.3320782,51486,[153]this is a te,17,1
1748423171.386172,30818,[154]st message. ,17,1
1748423171.4301486,47171,"[155]Hello, this ",17,1
1748423171.4671183,0,[156]is a test me,17,1
1748423171.512306,0,[157]ssage. Hello,17,1
1748423171.5541472,3682,"[158], this is a ",17,1
1748423171.6001215,0,[159]test message,17,1
1748423171.6511872,0,"[160]. Hello, thi",17,1
1748423171.7014284,46704,[161]s is a test ,17,1
1748423171.7610724,36921,[162]message. Hel,17,1
1748423171.8092036,48731,"[163]lo, this is ",17,1
1748423171.8579981,0,[164]a test messa,17,1
1748423171.9010909,48009,"[165]ge. Hello, t",17,1
1748423171.9539945,0,[166]his is a tes,17,1
1748423171.9990697,0,[167]t message. H,17,1
1748423172.0472226,0,"[168]ello, this i",17,1
1748423172.095001,0,[169]s a test mes,17,1
1748423172.142258,52539,"[170]sage. Hello,",17,1
1748423172.1891463,0,[171] this is a t,17,1
1748423172.232273,45029,[172]est message.,17,1
1748423172.2791407,37481,"[173] Hello, this",17,1
1748423172.3270617,49511,[174] is a test m,17,1
1748423172.375318,0,[175]essage. Hell,17,1
1748423173.4241664,0,[2]ssage. Hello,15,1
1748423173.4246068,17308,"[3], this is a ",15,1
1748423173.4250073,60576,[6]s is a test ,15,1
1748423173.425307,0,"[5]. Hello, thi",15,1
1748423173.425681,42923,[1]is a test me,15,1
1748423173.4261067,50793,[7]message. Hel,15,1
1748423173.426644,0,[4]test message,15,1
1748423173.427222,0,"[0]Hello, this ",15,1
1748423174.4709194,50793,[7]message. Hel,15,1
1748423174.4712102,0,[1]is a test me,15,1
1748423174.4715612,0,[2]ssage. Hello,15,1
1748423174.472045,60861,"[5]. Hello, thi",15,1
1748423174.472362,0,"[0]Hello, this ",15,1
1748423174.4727626,0,[4]test message,15,1
1748423174.4758368,17308,"[3], this is a ",15,1
1748423174.4761322,0,[6]s is a test ,15,1
1748423174.5368254,0,"[8]lo, this is ",15,1
1748423174.6877508,0,"[10]ge. Hello, t",16,1
1748423174.6880505,0,"[13]ello, this i",16,1
1748423174.68834,44370,[9]a test messa,15,1
1748423174.6927521,0,[11]his is a tes,16,1
1748423174.6931734,0,[12]t message. H,16,1
1748423174.6998487,53314,[14]s a test mes,16,1
1748423174.7078192,58456,"[15]sage. Hello,",16,1
1748423174.7539759,0,[16] this is a t,16,1
1748423174.848934,36411,[17]est message.,16,1
1748423174.849178,0,[19] is a test m,16,1
1748423174.8496048,4638,"[18] Hello, this",16,1
1748423174.8890693,62224,[20]essage. Hell,16,1
1748423174.8969245,8254,"[21]o, this is a",16,1
1748423174.9559255,7010,"[23]e. Hello, th",16,1
1748423174.9562109,55284,[22] test messag,16,1
1748423174.998791,0,[24]is is a test,16,1
1748423175.0390422,14864,[25] message. He,16,1
1748423175.10301,5115,[27] a test mess,16,1
1748423175.1032956,53042,"[26]llo, this is",16,1
1748423175.1517282,0,"[28]age. Hello, ",16,1
1748423175.1950362,50769,[29]this is a te,16,1
1748423175.24688,5120,[30]st message. ,16,1
1748423175.2908864,0,"[31]Hello, this ",16,1
1748423175.3358743,0,[32]is a test me,16,1
1748423175.3789492,59150,[33]ssage. Hello,16,1
1748423175.4268098,5014,"[34], this is a ",16,1
1748423175.4748244,0,[35]test message,16,1
1748423175.5230095,0,"[36]. Hello, thi",16,1
1748423175.5699203,6207,[37]s is a test ,16,1
1748423175.6098197,0,[38]message. Hel,16,1
1748423175.659915,839,"[39]lo, this is ",16,1
1748423175.7040174,0,[40]a test messa,16,1
1748423175.751907,15171,"[41]ge. Hello, t",16,1
1748423175.7971618,10485,[42]his is a tes,16,1
1748423175.8418946,55139,[43]t message. H,16,1
1748423175.897885,0,"[44]ello, this i",16,1
1748423175.9378545,0,[45]s a test mes,16,1
1748423175.9799368,58197,"[46]sage. Hello,",16,1
1748423176.0238495,0,[47] this is a t,16,1
1748423176.0719013,0,[48]est message.,16,1
1748423176.1151736,4379,"[49] Hello, this",16,1
1748423176.1600711,6473,[50] is a test m,16,1
1748423176.203851,61965,[51]essage. Hell,16,1
1748423176.2639189,0,"[52]o, this is a",16,1
1748423176.3080223,55025,[53] test messag,16,1
1748423176.3478942,0,"[54]e. Hello, th",16,1
1748423176.4049315,0,[55]is is a test,16,1
1748423176.4508862,0,[56] message. He,16,1
1748423176.510943,0,"[57]llo, this is",16,1
1748423176.5559473,4856,[58] a test mess,16,1
1748423176.600979,0,"[59]age. Hello, ",16,1
1748423176.6448712,53069,[60]this is a te,16,1
1748423176.6900413,4861,[61]st message. ,16,1
1748423176.7541595,62524,"[62]Hello, this ",16,1
1748423176.807895,0,[63]is a test me,16,1
1748423176.846923,0,[64]ssage. Hello,16,1
1748423176.8910253,4755,"[65], this is a ",16,1
1748423176.9359653,0,[66]test message,16,1
1748423176.9921405,0,"[67]. Hello, thi",16,1
1748423177.0478265,0,[68]s is a test ,16,1
1748423177.0959945,0,[69]message. Hel,16,1
1748423177.1579654,3139,"[70]lo, this is ",16,1
1748423177.2101932,54011,[71]a test messa,16,1
1748423177.263887,0,"[72]ge. Hello, t",16,1
1748423177.3119938,10226,[73]his is a tes,16,1
1748423177.3599212,54880,[74]t message. H,16,1
1748423177.4158452,0,"[75]ello, this i",16,1
1748423177.456948,52796,[76]s a test mes,16,1
1748423177.5098894,57938,"[77]sage. Hello,",16,1
1748423177.553883,26609,[78] this is a t,16,1
1748423177.5938601,35893,[79]est message.,16,1
1748423177.6388016,0,"[80] Hello, this",16,1
1748423177.6810277,6214,[81] is a test m,16,1
1748423177.7369356,61706,[82]essage. Hell,16,1
1748423177.7809088,7736,"[83]o, this is a",16,1
1748423177.8249037,0,[84] test messag,16,1
1748423177.8820465,6492,"[85]e. Hello, th",16,1
1748423177.9259214,51775,[86]is is a test,16,1
1748423177.965873,0,[87] message. He,16,1
1748423178.0140147,0,"[88]llo, this is",16,1
1748423178.0739038,4597,[89] a test mess,16,1
1748423178.1299467,12636,"[90]age. Hello, ",16,1
1748423178.181887,0,[91]this is a te,16,1
1748423178.2360969,0,[92]st message. ,16,1
1748423178.2839804,62265,"[93]Hello, this ",16,1
1748423178.3279593,0,[94]is a test me,16,1
1748423178.3729706,58632,[95]ssage. Hello,16,1
1748423178.4168856,0,"[96], this is a ",16,1
1748423178.46494,50868,[97]test message,16,1
1748423178.5128696,13114,"[98]. Hello, thi",16,1
1748423178.5593724,5689,[99]s is a test ,16,1
1748423178.6039739,0,[100]message. Hel,17,1
1748423178.6561086,0,"[101]lo, this is ",17,1
1748423178.6999147,32036,[102]a test messa,17,1
1748423178.747935,0,"[103]ge. Hello, t",17,1
1748423178.7928898,0,[104]his is a tes,17,1
1748423178.836948,57895,[105]t message. H,17,1
1748423178.8859797,30822,"[106]ello, this i",17,1
1748423178.9299824,48671,[107]s a test mes,17,1
1748423178.9740202,0,"[108]sage. Hello,",17,1
1748423179.021966,29369,[109] this is a t,17,1
1748423179.0630178,0,[110]est message.,17,1
1748423179.1051197,0,"[111] Hello, this",17,1
1748423179.1479604,0,[112] is a test m,17,1
1748423179.1937933,0,[113]essage. Hell,17,1
1748423179.2432754,47471,"[114]o, this is a",17,1
1748423179.2868865,0,[115] test messag,17,1
1748423179.3309054,56682,"[116]e. Hello, th",17,1
1748423179.3708982,49435,[117]is is a test,17,1
1748423179.419375,35721,[118] message. He,17,1
1748423179.4610066,0,"[119]llo, this is",17,1
1748423179.5091522,0,[120] a test mess,17,1
1748423179.5740104,56706,"[121]age. Hello, ",17,1
1748423179.617036,0,[122]this is a te,17,1
1748423179.6648633,0,[123]st message. ,17,1
1748423179.7130895,0,"[124]Hello, this ",17,1
1748423179.758929,0,[125]is a test me,17,1
1748423179.8010798,35382,[126]ssage. Hello,17,1
1748423179.845979,4451,"[127], this is a ",17,1
1748423179.8938835,0,[128]test message,17,1
1748423179.9418986,48004,"[129]. Hello, thi",17,1
1748423179.9868844,47473,[130]s is a test ,17,1
1748423180.0318081,0,[131]message. Hel,17,1
1748423180.0799341,49500,"[132]lo, this is ",17,1
1748423180.124963,31267,[133]a test messa,17,1
1748423180.1722517,48778,"[134]ge. Hello, t",17,1
1748423180.2239976,28792,[135]his is a tes,17,1
1748423180.2788215,0,[136]t message. H,17,1
1748423180.318963,30053,"[137]ello, this i",17,1
1748423180.3800204,47902,[138]s a test mes,17,1
1748423180.4338877,53554,"[139]sage. Hello,",17,1
1748423180.4808378,0,[140] this is a t,17,1
1748423180.5258462,45798,[141]est message.,17,1
1748423180.5659218,38250,"[142] Hello, this",17,1
1748423180.610897,0,[143] is a test m,17,1
1748423180.654835,0,[144]essage. Hell,17,1
1748423180.7009566,46702,"[145]o, this is a",17,1
1748423180.744866,27942,[146] test messag,17,1
1748423180.794975,0,"[147]e. Hello, th",17,1
1748423180.8399472,0,[148]is is a test,17,1
1748423180.8860154,34952,[149] message. He,17,1
1748423180.9359627,0,"[150]llo, this is",17,1
1748423180.9839933,29292,[151] a test mess,17,1
1748423181.0280502,0,"[152]age. Hello, ",17,1
1748423181.071869,51486,[153]this is a te,17,1
1748423181.1199238,30818,[154]st message. ,17,1
1748423181.1649623,47171,"[155]Hello, this ",17,1
1748423181.209836,0,[156]is a test me,17,1
1748423181.2628903,0,[157]ssage. Hello,17,1
1748423181.3149576,3682,"[158], this is a ",17,1
1748423181.3599439,0,[159]test message,17,1
1748423181.403861,0,"[160]. Hello, thi",17,1
1748423181.4662848,46704,[161]s is a test ,17,1
1748423181.5089264,36921,[162]message. Hel,17,1
1748423181.5518546,48731,"[163]lo, this is ",17,1
1748423181.6088533,0,[164]a test messa,17,1
1748423181.6492114,48009,"[165]ge. Hello, t",17,1
1748423181.697865,0,[166]his is a tes,17,1
1748423181.7458458,0,[167]t message. H,17,1
1748423181.7999504,0,"[168]ello, this i",17,1
1748423181.8410876,0,[169]s a test mes,17,1
1748423181.8928893,52539,"[170]sage. Hello,",17,1
1748423181.9368305,0,[171] this is a t,17,1
1748423181.9808645,45029,[172]est message.,17,1
1748423182.0289347,37481,"[173] Hello, this",17,1
1748423182.075024,49511,[174] is a test m,17,1
1748423182.1079292,0,[175]essage. Hell,17,1
1748423183.1519077,0,"[0]Hello, this ",15,1
1748423183.152379,0,[2]ssage. Hello,15,1
1748423183.1527424,17308,"[3], this is a ",15,1
1748423183.1530826,50793,[7]message. Hel,15,1
1748423183.1578047,60576,[6]s is a test ,15,1
1748423183.1581454,0,[4]test message,15,1
1748423183.1584818,0,"[5]. Hello, thi",15,1
1748423183.1588752,42923,[1]is a test me,15,1
1748423184.2049115,17308,"[3], this is a ",15,1
1748423184.205205,0,"[0]Hello, this ",15,1
1748423184.2128909,60861,"[5]. Hello, thi",15,1
1748423184.2131963,0,[2]ssage. Hello,15,1
1748423184.213536,0,[4]test message,15,1
1748423184.2138708,50793,[7]message. Hel,15,1
1748423184.2141645,0,[1]is a test me,15,1
1748423184.2145245,0,[6]s is a test ,15,1
1748423184.3537672,0,"[8]lo, this is ",15,1
1748423184.3618119,44370,[9]a test messa,15,1
1748423184.3657959,0,[11]his is a tes,16,1
1748423184.3660948,0,"[10]ge. Hello, t",16,1
1748423184.37394,0,[12]t message. H,16,1
1748423184.4178522,0,"[13]ello, this i",16,1
1748423184.471936,53314,[14]s a test mes,16,1
1748423184.4779253,58456,"[15]sage. Hello,",16,1
1748423184.5308897,0,[16] this is a t,16,1
1748423184.5730767,36411,[17]est message.,16,1
1748423184.617024,4638,"[18] Hello, this",16,1
1748423184.6608198,0,[19] is a test m,16,1
1748423184.7109544,62224,[20]essage. Hell,16,1
1748423184.7551093,8254,"[21]o, this is a",16,1
1748423184.7989376,55284,[22] test messag,16,1
1748423184.8508933,7010,"[23]e. Hello, th",16,1
1748423184.8928623,0,[24]is is a test,16,1
1748423184.948984,14864,[25] message. He,16,1
1748423184.9938667,53042,"[26]llo, this is",16,1
1748423185.037864,5115,[27] a test mess,16,1
1748423185.0838716,0,"[28]age. Hello, ",16,1
1748423185.1279728,50769,[29]this is a te,16,1
1748423185.1760826,5120,[30]st message. ,16,1
1748423185.220807,0,"[31]Hello, this ",16,1
1748423185.2698967,0,[32]is a test me,16,1
1748423185.3178751,59150,[33]ssage. Hello,16,1
1748423185.3650668,5014,"[34], this is a ",16,1
1748423185.4128747,0,[35]test message,16,1
1748423185.4589095,0,"[36]. Hello, thi",16,1
1748423185.5041063,6207,[37]s is a test ,16,1
1748423185.5499058,0,[38]message. Hel,16,1
1748423185.597956,839,"[39]lo, this is ",16,1
1748423185.6410177,0,[40]a test messa,16,1
1748423185.6898193,15171,"[41]ge. Hello, t",16,1
1748423185.735915,10485,[42]his is a tes,16,1
1748423185.7839227,55139,[43]t message. H,16,1
1748423185.8400402,0,"[44]ello, this i",16,1
1748423185.8830254,0,[45]s a test mes,16,1
1748423185.9259126,58197,"[46]sage. Hello,",16,1
1748423185.9738345,0,[47] this is a t,16,1
1748423186.0198839,0,[48]est message.,16,1
1748423186.0650017,4379,"[49] Hello, this",16,1
1748423186.1129053,6473,[50] is a test m,16,1
1748423186.1739042,61965,[51]essage. Hell,16,1
1748423186.2178853,0,"[52]o, this is a",16,1
1748423186.2659273,55025,[53] test messag,16,1
1748423186.313928,0,"[54]e. Hello, th",16,1
1748423186.357881,0,[55]is is a test,16,1
1748423186.405014,0,[56] message. He,16,1
1748423186.445833,0,"[57]llo, this is",16,1
1748423186.4939451,4856,[58] a test mess,16,1
1748423186.545885,0,"[59]age. Hello, ",16,1
1748423186.5859454,53069,[60]this is a te,16,1
1748423186.6340256,4861,[61]st message. ,16,1
1748423186.6769197,62524,"[62]Hello, this ",16,1
1748423186.724887,0,[63]is a test me,16,1
1748423186.768853,0,[64]ssage. Hello,16,1
1748423186.813888,4755,"[65], this is a ",16,1
1748423186.864155,0,[66]test message,16,1
1748423186.9101238,0,"[67]. Hello, thi",16,1
1748423186.960078,0,[68]s is a test ,16,1
1748423187.0079322,0,[69]message. Hel,16,1
1748423187.0529175,3139,"[70]lo, this is ",16,1
1748423187.1169815,54011,[71]a test messa,16,1
1748423187.1620471,0,"[72]ge. Hello, t",16,1
1748423187.2129476,10226,[73]his is a tes,16,1
1748423187.2621534,54880,[74]t message. H,16,1
1748423187.320057,0,"[75]ello, this i",16,1
1748423187.375915,52796,[76]s a test mes,16,1
1748423187.4409797,57938,"[77]sage. Hello,",16,1
1748423187.4768808,26609,[78] this is a t,16,1
1748423187.525274,35893,[79]est message.,16,1
1748423187.5689306,0,"[80] Hello, this",16,1
1748423187.6199465,6214,[81] is a test m,16,1
1748423187.65602,61706,[82]essage. Hell,16,1
1748423187.6968873,7736,"[83]o, this is a",16,1
1748423187.7420325,0,[84] test messag,16,1
1748423187.7868423,6492,"[85]e. Hello, th",16,1
1748423187.843125,51775,[86]is is a test,16,1
1748423187.8799012,0,[87] message. He,16,1
1748423187.928081,0,"[88]llo, this is",16,1
1748423187.973974,4597,[89] a test mess,16,1
1748423188.019379,12636,"[90]age. Hello, ",16,1
1748423188.0608354,0,[91]this is a te,16,1
1748423188.1088593,0,[92]st message. ,16,1
1748423188.1509755,62265,"[93]Hello, this ",16,1
1748423188.1827605,0,[94]is a test me,16,1
1748423188.2280211,58632,[95]ssage. Hello,16,1
1748423188.2738676,0,"[96], this is a ",16,1
1748423188.3259478,50868,[97]test message,16,1
1748423188.37998,13114,"[98]. Hello, thi",16,1
1748423188.4280224,5689,[99]s is a test ,16,1
1748423188.464179,0,[100]message. Hel,17,1
1748423188.5038376,0,"[101]lo, this is ",17,1
1748423188.548927,32036,[102]a test messa,17,1
1748423188.5891318,0,"[103]ge. Hello, t",17,1
1748423188.6339288,0,[104]his is a tes,17,1
1748423188.6801527,57895,[105]t message. H,17,1
1748423188.7238922,30822,"[106]ello, this i",17,1
1748423188.7709887,48671,[107]s a test mes,17,1
1748423188.8159683,0,"[108]sage. Hello,",17,1
1748423188.8719296,29369,[109] this is a t,17,1
1748423188.919814,0,[110]est message.,17,1
1748423188.9658754,0,"[111] Hello, this",17,1
1748423189.0138237,0,[112] is a test m,17,1
1748423189.0548654,0,[113]essage. Hell,17,1
1748423189.102038,47471,"[114]o, this is a",17,1
1748423189.1478786,0,[115] test messag,17,1
1748423189.1921272,56682,"[116]e. Hello, th",17,1
1748423189.244928,49435,[117]is is a test,17,1
1748423189.3092673,35721,[118] message. He,17,1
1748423189.3568857,0,"[119]llo, this is",17,1
1748423189.40209,0,[120] a test mess,17,1
1748423189.4630032,56706,"[121]age. Hello, ",17,1
1748423189.5108278,0,[122]this is a te,17,1
1748423189.5552614,0,[123]st message. ,17,1
1748423189.5989854,0,"[124]Hello, this ",17,1
1748423189.6439583,0,[125]is a test me,17,1
1748423189.6899235,35382,[126]ssage. Hello,17,1
1748423189.7281983,4451,"[127], this is a ",17,1
1748423189.7863142,0,[128]test message,17,1
1748423189.8338957,48004,"[129]. Hello, thi",17,1
1748423189.8868852,47473,[130]s is a test ,17,1
1748423189.9298604,0,[131]message. Hel,17,1
1748423189.9708757,49500,"[132]lo, this is ",17,1
1748423190.011823,31267,[133]a test messa,17,1
1748423190.0518847,48778,"[134]ge. Hello, t",17,1
1748423190.0931685,28792,[135]his is a tes,17,1
1748423190.13488,0,[136]t message. H,17,1
1748423190.1759834,30053,"[137]ello, this i",17,1
1748423190.2258887,47902,[138]s a test mes,17,1
1748423190.268869,53554,"[139]sage. Hello,",17,1
1748423190.3132124,0,[140] this is a t,17,1
1748423190.3581069,45798,[141]est message.,17,1
1748423190.418245,38250,"[142] Hello, this",17,1
1748423190.4670541,0,[143] is a test m,17,1
1748423190.5080264,0,[144]essage. Hell,17,1
1748423190.5529644,46702,"[145]o, this is a",17,1
1748423190.6012793,27942,[146] test messag,17,1
1748423190.6400697,0,"[147]e. Hello, th",17,1
1748423190.6931052,0,[148]is is a test,17,1
1748423190.7380142,34952,[149] message. He,17,1
1748423190.779101,0,"[150]llo, this is",17,1
1748423190.8242154,29292,[151] a test mess,17,1
1748423190.8771932,0,"[152]age. Hello, ",17,1
1748423190.9219239,51486,[153]this is a te,17,1
1748423190.9699903,30818,[154]st message. ,17,1
1748423191.022069,47171,"[155]Hello, this ",17,1
1748423191.0649111,0,[156]is a test me,17,1
1748423191.1078534,0,[157]ssage. Hello,17,1
1748423191.1429338,3682,"[158], this is a ",17,1
1748423191.1848226,0,[159]test message,17,1
1748423191.2288485,0,"[160]. Hello, thi",17,1
1748423191.2748706,46704,[161]s is a test ,17,1
1748423191.319081,36921,[162]message. Hel,17,1
1748423191.36298,48731,"[163]lo, this is ",17,1
1748423191.4109032,0,[164]a test messa,17,1
1748423191.4562607,48009,"[165]ge. Hello, t",17,1
1748423191.5001242,0,[166]his is a tes,17,1
1748423191.5439446,0,[167]t message. H,17,1
1748423191.5917785,0,"[168]ello, this i",17,1
1748423191.623972,0,[169]s a test mes,17,1
1748423191.6699984,52539,"[170]sage. Hello,",17,1
1748423191.7261634,0,[171] this is a t,17,1
1748423191.7699802,45029,[172]est message.,17,1
1748423191.8159277,37481,"[173] Hello, this",17,1
1748423191.8599262,49511,[174] is a test m,17,1
1748423191.9048567,0,[175]essage. Hell,17,1
1748423192.9508932,0,"[0]Hello, this ",15,1
1748423192.9512892,50793,[7]message. Hel,15,1
1748423192.951711,42923,[1]is a test me,15,1
1748423192.9520886,0,"[5]. Hello, thi",15,1
1748423192.952552,17308,"[3], this is a ",15,1
1748423192.9528413,0,[2]ssage. Hello,15,1
1748423192.9532807,60576,[6]s is a test ,15,1
1748423192.958857,0,[4]test message,15,1
1748423193.9918873,0,"[0]Hello, this ",15,1
1748423193.9998035,0,[6]s is a test ,15,1
1748423194.0002124,50793,[7]message. Hel,15,1
1748423194.0009272,0,[2]ssage. Hello,15,1
1748423194.0078907,0,[1]is a test me,15,1
1748423194.0082035,0,[4]test message,15,1
1748423194.0158663,17308,"[3], this is a ",15,1
1748423194.0162277,60861,"[5]. Hello, thi",15,1
1748423194.0719595,0,"[8]lo, this is ",15,1
1748423194.1768084,0,[11]his is a tes,16,1
1748423194.1852334,44370,[9]a test messa,15,1
1748423194.1857252,0,"[10]ge. Hello, t",16,1
1748423194.225806,0,[12]t message. H,16,1
1748423194.2689333,58456,"[15]sage. Hello,",16,1
1748423194.269228,0,"[13]ello, this i",16,1
1748423194.2758331,53314,[14]s a test mes,16,1
1748423194.334242,0,[16] this is a t,16,1
1748423194.3959603,36411,[17]est message.,16,1
1748423194.444879,4638,"[18] Hello, this",16,1
1748423194.4868886,0,[19] is a test m,16,1
1748423194.5279424,62224,[20]essage. Hell,16,1
1748423194.5720668,8254,"[21]o, this is a",16,1
1748423194.6328957,55284,[22] test messag,16,1
1748423194.6332607,7010,"[23]e. Hello, th",16,1
1748423194.677941,0,[24]is is a test,16,1
1748423194.7410014,14864,[25] message. He,16,1
1748423194.7820015,53042,"[26]llo, this is",16,1
1748423194.8260262,5115,[27] a test mess,16,1
1748423194.8688962,0,"[28]age. Hello, ",16,1
1748423194.9262624,50769,[29]this is a te,16,1
1748423194.9759965,5120,[30]st message. ,16,1
1748423195.0280962,0,"[31]Hello, this ",16,1
1748423195.0879786,0,[32]is a test me,16,1
1748423195.1479487,59150,[33]ssage. Hello,16,1
1748423195.1848645,5014,"[34], this is a ",16,1
1748423195.237865,0,[35]test message,16,1
1748423195.2851677,0,"[36]. Hello, thi",16,1
1748423195.3309314,6207,[37]s is a test ,16,1
1748423195.384902,0,[38]message. Hel,16,1
1748423195.4449825,839,"[39]lo, this is ",16,1
1748423195.484852,0,[40]a test messa,16,1
1748423195.5270498,15171,"[41]ge. Hello, t",16,1
1748423195.5669863,10485,[42]his is a tes,16,1
1748423195.6088836,55139,[43]t message. H,16,1
1748423195.6688404,0,"[44]ello, this i",16,1
1748423195.7178748,0,[45]s a test mes,16,1
1748423195.778915,58197,"[46]sage. Hello,",16,1
1748423195.8421087,0,[47] this is a t,16,1
1748423195.8898077,0,[48]est message.,16,1
1748423195.9353256,4379,"[49] Hello, this",16,1
1748423195.972063,6473,[50] is a test m,16,1
1748423196.028281,61965,[51]essage. Hell,16,1
1748423196.07609,0,"[52]o, this is a",16,1
1748423196.1170664,55025,[53] test messag,16,1
1748423196.1578155,0,"[54]e. Hello, th",16,1
1748423196.2180238,0,[55]is is a test,16,1
1748423196.2639496,0,[56] message. He,16,1
1748423196.3108292,0,"[57]llo, this is",16,1
1748423196.3679438,4856,[58] a test mess,16,1
1748423196.4192853,0,"[59]age. Hello, ",16,1
1748423196.4673498,53069,[60]this is a te,16,1
1748423196.5152447,4861,[61]st message. ,16,1
1748423196.5599499,62524,"[62]Hello, this ",16,1
1748423196.6038964,0,[63]is a test me,16,1
1748423196.6442134,0,[64]ssage. Hello,16,1
1748423196.6839113,4755,"[65], this is a ",16,1
1748423196.7228296,0,[66]test message,16,1
1748423196.776845,0,"[67]. Hello, thi",16,1
1748423196.8259885,0,[68]s is a test ,16,1
1748423196.8639128,0,[69]message. Hel,16,1
1748423196.912023,3139,"[70]lo, this is ",16,1
1748423196.9539313,54011,[71]a test messa,16,1
1748423196.9968011,0,"[72]ge. Hello, t",16,1
1748423197.0419936,10226,[73]his is a tes,16,1
1748423197.09096,54880,[74]t message. H,16,1
1748423197.1351075,0,"[75]ello, this i",16,1
1748423197.1831107,52796,[76]s a test mes,16,1
1748423197.226995,57938,"[77]sage. Hello,",16,1
1748423197.2749662,26609,[78] this is a t,16,1
1748423197.3119812,35893,[79]est message.,16,1
1748423197.3568702,0,"[80] Hello, this",16,1
1748423197.4009824,6214,[81] is a test m,16,1
1748423197.4408643,61706,[82]essage. Hell,16,1
1748423197.4809566,7736,"[83]o, this is a",16,1
1748423197.541074,0,[84] test messag,16,1
1748423197.5900605,6492,"[85]e. Hello, th",16,1
1748423197.6348855,51775,[86]is is a test,16,1
1748423197.684003,0,[87] message. He,16,1
1748423197.722875,0,"[88]llo, this is",16,1
1748423197.7799997,4597,[89] a test mess,16,1
1748423197.8362138,12636,"[90]age. Hello, ",16,1
1748423197.891876,0,[91]this is a te,16,1
1748423197.9378808,0,[92]st message. ,16,1
1748423197.980935,62265,"[93]Hello, this ",16,1
1748423198.038885,0,[94]is a test me,16,1
1748423198.0839112,58632,[95]ssage. Hello,16,1
1748423198.1321049,0,"[96], this is a ",16,1
1748423198.1738763,50868,[97]test message,16,1
1748423198.2189615,13114,"[98]. Hello, thi",16,1
1748423198.2619698,5689,[99]s is a test ,16,1
1748423198.306817,0,[100]message. Hel,17,1
1748423198.3518114,0,"[101]lo, this is ",17,1
1748423198.396026,32036,[102]a test messa,17,1
1748423198.444132,0,"[103]ge. Hello, t",17,1
1748423198.4887788,0,[104]his is a tes,17,1
1748423198.5349689,57895,[105]t message. H,17,1
1748423198.580046,30822,"[106]ello, this i",17,1
1748423198.6242747,48671,[107]s a test mes,17,1
1748423198.6669226,0,"[108]sage. Hello,",17,1
1748423198.712054,29369,[109] this is a t,17,1
1748423198.761135,0,[110]est message.,17,1
1748423198.8101401,0,"[111] Hello, this",17,1
1748423198.8561661,0,[112] is a test m,17,1
1748423198.896085,0,[113]essage. Hell,17,1
1748423198.9519756,47471,"[114]o, this is a",17,1
1748423198.999893,0,[115] test messag,17,1
1748423199.0411942,56682,"[116]e. Hello, th",17,1
1748423199.0851753,49435,[117]is is a test,17,1
1748423199.1272235,35721,[118] message. He,17,1
1748423199.1708434,0,"[119]llo, this is",17,1
1748423199.2179697,0,[120] a test mess,17,1
1748423199.2672498,56706,"[121]age. Hello, ",17,1
1748423199.3150346,0,[122]this is a te,17,1
1748423199.3711205,0,[123]st message. ,17,1
1748423199.4229803,0,"[124]Hello, this ",17,1
1748423199.4611256,0,[125]is a test me,17,1
1748423199.5089805,35382,[126]ssage. Hello,17,1
1748423199.555961,4451,"[127], this is a ",17,1
1748423199.5998294,0,[128]test message,17,1
1748423199.6438818,48004,"[129]. Hello, thi",17,1
1748423199.699926,47473,[130]s is a test ,17,1
1748423199.7559102,0,[131]message. Hel,17,1
1748423199.7918966,49500,"[132]lo, this is ",17,1
1748423199.85198,31267,[133]a test messa,17,1
1748423199.9082222,48778,"[134]ge. Hello, t",17,1
1748423199.960903,28792,[135]his is a tes,17,1
1748423200.0051274,0,[136]t message. H,17,1
1748423200.0579703,30053,"[137]ello, this i",17,1
1748423200.1022577,47902,[138]s a test mes,17,1
1748423200.1569564,53554,"[139]sage. Hello,",17,1
1748423200.21315,0,[140] this is a t,17,1
1748423200.2619328,45798,[141]est message.,17,1
1748423200.3069296,38250,"[142] Hello, this",17,1
1748423200.3518407,0,[143] is a test m,17,1
1748423200.3998415,0,[144]essage. Hell,17,1
1748423200.448962,46702,"[145]o, this is a",17,1
1748423200.4931521,27942,[146] test messag,17,1
1748423200.5532534,0,"[147]e. Hello, th",17,1
1748423200.6099937,0,[148]is is a test,17,1
1748423200.656164,34952,[149] message. He,17,1
1748423200.7009182,0,"[150]llo, this is",17,1
1748423200.743195,29292,[151] a test mess,17,1
1748423200.8051052,0,"[152]age. Hello, ",17,1
1748423200.8529444,51486,[153]this is a te,17,1
1748423200.9031267,30818,[154]st message. ,17,1
1748423200.956947,47171,"[155]Hello, this ",17,1
1748423201.0128906,0,[156]is a test me,17,1
1748423201.0711246,0,[157]ssage. Hello,17,1
1748423201.1229413,3682,"[158], this is a ",17,1
1748423201.171146,0,[159]test message,17,1
1748423201.2120364,0,"[160]. Hello, thi",17,1
1748423201.266874,46704,[161]s is a test ,17,1
1748423201.3118746,36921,[162]message. Hel,17,1
1748423201.3599448,48731,"[163]lo, this is ",17,1
1748423201.3969254,0,[164]a test messa,17,1
1748423201.4421976,48009,"[165]ge. Hello, t",17,1
1748423201.4898384,0,[166]his is a tes,17,1
1748423201.5379503,0,[167]t message. H,17,1
1748423201.5818675,0,"[168]ello, this i",17,1
1748423201.625244,0,[169]s a test mes,17,1
1748423201.6690478,52539,"[170]sage. Hello,",17,1
1748423201.7128704,0,[171] this is a t,17,1
1748423201.7570713,45029,[172]est message.,17,1
1748423201.7959833,37481,"[173] Hello, this",17,1
1748423201.8439333,49511,[174] is a test m,17,1
1748423201.8877645,0,[175]essage. Hell,17,1
1748423202.9310942,42923,[1]is a test me,15,1
1748423202.9317887,0,[2]ssage. Hello,15,1
1748423202.938876,17308,"[3], this is a ",15,1
1748423202.9393988,0,"[5]. Hello, thi",15,1
1748423202.9469433,50793,[7]message. Hel,15,1
1748423202.947325,60576,[6]s is a test ,15,1
1748423202.9478376,0,"[0]Hello, this ",15,1
1748423202.948182,0,[4]test message,15,1
1748423203.9969347,0,[2]ssage. Hello,15,1
1748423203.9972312,0,[1]is a test me,15,1
1748423203.9978864,17308,"[3], this is a ",15,1
1748423203.9983647,60861,"[5]. Hello, thi",15,1
1748423203.9987657,0,[4]test message,15,1
1748423203.9994726,50793,[7]message. Hel,15,1
1748423204.0000606,0,[6]s is a test ,15,1
1748423204.0003943,0,"[0]Hello, this ",15,1
1748423204.1419492,0,"[8]lo, this is ",15,1
1748423204.1897736,0,"[10]ge. Hello, t",16,1
1748423204.1901839,0,[11]his is a tes,16,1
1748423204.1905332,0,[12]t message. H,16,1
1748423204.1978383,0,"[13]ello, this i",16,1
1748423204.198449,44370,[9]a test messa,15,1
1748423204.1988306,53314,[14]s a test mes,16,1
1748423204.199119,58456,"[15]sage. Hello,",16,1
1748423204.2478178,0,[16] this is a t,16,1
1748423204.3408012,4638,"[18] Hello, this",16,1
1748423204.341082,36411,[17]est message.,16,1
1748423204.4307947,62224,[20]essage. Hell,16,1
1748423204.4310706,7010,"[23]e. Hello, th",16,1
1748423204.4388041,55284,[22] test messag,16,1
1748423204.439135,0,[19] is a test m,16,1
1748423204.4427853,8254,"[21]o, this is a",16,1
1748423204.4927375,0,[24]is is a test,16,1
1748423204.5560932,14864,[25] message. He,16,1
1748423204.6038132,53042,"[26]llo, this is",16,1
1748423204.6580396,5115,[27] a test mess,16,1
1748423204.745855,0,"[28]age. Hello, ",16,1
1748423204.790885,5120,[30]st message. ,16,1
1748423204.7911963,0,"[31]Hello, this ",16,1
1748423204.7918298,50769,[29]this is a te,16,1
1748423204.8367946,0,[32]is a test me,16,1
1748423204.884848,59150,[33]ssage. Hello,16,1
1748423204.9418473,5014,"[34], this is a ",16,1
1748423204.9948301,0,[35]test message,16,1
1748423205.0307913,0,"[36]. Hello, thi",16,1
1748423205.1077669,839,"[39]lo, this is ",16,1
1748423205.108011,0,[38]message. Hel,16,1
1748423205.1082735,6207,[37]s is a test ,16,1
1748423205.1689746,0,[40]a test messa,16,1
1748423205.2288353,15171,"[41]ge. Hello, t",16,1
1748423205.2868495,10485,[42]his is a tes,16,1
1748423205.3408937,55139,[43]t message. H,16,1
1748423205.3850782,0,"[44]ello, this i",16,1
1748423205.4289064,0,[45]s a test mes,16,1
1748423205.492904,58197,"[46]sage. Hello,",16,1
1748423205.4932578,0,[47] this is a t,16,1
1748423205.5448828,0,[48]est message.,16,1
1748423205.593028,4379,"[49] Hello, this",16,1
1748423205.6368937,6473,[50] is a test m,16,1
1748423205.6828976,61965,[51]essage. Hell,16,1
1748423205.718859,0,"[52]o, this is a",16,1
1748423205.7649403,55025,[53] test messag,16,1
1748423205.826866,0,"[54]e. Hello, th",16,1
1748423205.8271859,0,[55]is is a test,16,1
1748423205.866785,0,[56] message. He,16,1
1748423205.904835,0,"[57]llo, this is",16,1
1748423205.9512916,4856,[58] a test mess,16,1
1748423205.9998636,0,"[59]age. Hello, ",16,1
1748423206.046245,53069,[60]this is a te,16,1
1748423206.093908,4861,[61]st message. ,16,1
1748423206.1549046,62524,"[62]Hello, this ",16,1
1748423206.1552234,0,[63]is a test me,16,1
1748423206.1907756,0,[64]ssage. Hello,16,1
1748423206.2350447,4755,"[65], this is a ",16,1
1748423206.28696,0,[66]test message,16,1
1748423206.332832,0,"[67]. Hello, thi",16,1
1748423206.376054,0,[68]s is a test ,16,1
1748423206.4239075,0,[69]message. Hel,16,1
1748423206.4878795,54011,[71]a test messa,16,1
1748423206.4959495,3139,"[70]lo, this is ",16,1
1748423206.5398784,0,"[72]ge. Hello, t",16,1
1748423206.583912,10226,[73]his is a tes,16,1
1748423206.6248507,54880,[74]t message. H,16,1
1748423206.6891584,0,"[75]ello, this i",16,1
1748423206.7349906,52796,[76]s a test mes,16,1
1748423206.7809339,57938,"[77]sage. Hello,",16,1
1748423206.8449566,26609,[78] this is a t,16,1
1748423206.8548532,35893,[79]est message.,16,1
1748423206.9098165,0,"[80] Hello, this",16,1
1748423206.9700944,6214,[81] is a test m,16,1
1748423207.0190368,61706,[82]essage. Hell,16,1
1748423207.0548882,7736,"[83]o, this is a",16,1
1748423207.1008713,0,[84] test messag,16,1
1748423207.1568713,6492,"[85]e. Hello, th",16,1
1748423207.2011209,51775,[86]is is a test,16,1
1748423207.2540257,0,[87] message. He,16,1
1748423207.309885,0,"[88]llo, this is",16,1
1748423207.3701167,4597,[89] a test mess,16,1
1748423207.428985,12636,"[90]age. Hello, ",16,1
1748423207.4648345,0,[91]this is a te,16,1
1748423207.5248327,0,[92]st message. ,16,1
1748423207.5670056,62265,"[93]Hello, this ",16,1
1748423207.6189249,0,[94]is a test me,16,1
1748423207.658894,58632,[95]ssage. Hello,16,1
1748423207.6998453,0,"[96], this is a ",16,1
1748423207.752903,50868,[97]test message,16,1
1748423207.8059037,13114,"[98]. Hello, thi",16,1
1748423207.8528934,5689,[99]s is a test ,16,1
1748423207.897962,0,[100]message. Hel,17,1
1748423207.9438498,0,"[101]lo, this is ",17,1
1748423207.9920566,32036,[102]a test messa,17,1
1748423208.0328064,0,"[103]ge. Hello, t",17,1
1748423208.076881,0,[104]his is a tes,17,1
1748423208.130859,57895,[105]t message. H,17,1
1748423208.1879718,30822,"[106]ello, this i",17,1
1748423208.2230604,48671,[107]s a test mes,17,1
1748423208.2770429,0,"[108]sage. Hello,",17,1
1748423208.3218293,29369,[109] this is a t,17,1
1748423208.3709,0,[110]est message.,17,1
1748423208.421876,0,"[111] Hello, this",17,1
1748423208.473855,0,[112] is a test m,17,1
1748423208.5189278,0,[113]essage. Hell,17,1
1748423208.5709655,47471,"[114]o, this is a",17,1
1748423208.6208584,0,[115] test messag,17,1
1748423208.661169,56682,"[116]e. Hello, th",17,1
1748423208.7119784,49435,[117]is is a test,17,1
1748423208.7699218,35721,[118] message. He,17,1
1748423208.8330946,0,"[119]llo, this is",17,1
1748423208.8880491,0,[120] a test mess,17,1
1748423208.9360359,56706,"[121]age. Hello, ",17,1
1748423208.9848752,0,[122]this is a te,17,1
1748423209.0301187,0,[123]st message. ,17,1
1748423209.0758238,0,"[124]Hello, this ",17,1
1748423209.1230752,0,[125]is a test me,17,1
1748423209.1679797,35382,[126]ssage. Hello,17,1
1748423209.2129292,4451,"[127], this is a ",17,1
1748423209.2560642,0,[128]test message,17,1
1748423209.2989392,48004,"[129]. Hello, thi",17,1
1748423209.3461082,47473,[130]s is a test ,17,1
1748423209.390851,0,[131]message. Hel,17,1
1748423209.4318838,49500,"[132]lo, this is ",17,1
1748423209.4799147,31267,[133]a test messa,17,1
1748423209.5221422,48778,"[134]ge. Hello, t",17,1
1748423209.579205,28792,[135]his is a tes,17,1
1748423209.6269102,0,[136]t message. H,17,1
1748423209.6709259,30053,"[137]ello, this i",17,1
1748423209.7200427,47902,[138]s a test mes,17,1
1748423209.7650166,53554,"[139]sage. Hello,",17,1
1748423209.8071504,0,[140] this is a t,17,1
1748423209.851968,45798,[141]est message.,17,1
1748423209.9161487,38250,"[142] Hello, this",17,1
1748423209.962961,0,[143] is a test m,17,1
1748423210.0190883,0,[144]essage. Hell,17,1
1748423210.0549457,46702,"[145]o, this is a",17,1
1748423210.106896,27942,[146] test messag,17,1
1748423210.146833,0,"[147]e. Hello, th",17,1
1748423210.186867,0,[148]is is a test,17,1
1748423210.2389,34952,[149] message. He,17,1
1748423210.2881079,0,"[150]llo, this is",17,1
1748423210.3439612,29292,[151] a test mess,17,1
1748423210.4011562,0,"[152]age. Hello, ",17,1
1748423210.4531922,51486,[153]this is a te,17,1
1748423210.494963,30818,[154]st message. ,17,1
1748423210.5408475,47171,"[155]Hello, this ",17,1
1748423210.5860062,0,[156]is a test me,17,1
1748423210.633859,0,[157]ssage. Hello,17,1
1748423210.6800866,3682,"[158], this is a ",17,1
1748423210.7240689,0,[159]test message,17,1
1748423210.7698996,0,"[160]. Hello, thi",17,1
1748423210.8139167,46704,[161]s is a test ,17,1
1748423210.8582318,36921,[162]message. Hel,17,1
1748423210.8981469,48731,"[163]lo, this is ",17,1
1748423210.9508228,0,[164]a test messa,17,1
1748423210.9969804,48009,"[165]ge. Hello, t",17,1
1748423211.0448353,0,[166]his is a tes,17,1
1748423211.0949106,0,[167]t message. H,17,1
1748423211.1460774,0,"[168]ello, this i",17,1
1748423211.1929405,0,[169]s a test mes,17,1
1748423211.2328565,52539,"[170]sage. Hello,",17,1
1748423211.2870946,0,[171] this is a t,17,1
1748423211.3288481,45029,[172]est message.,17,1
1748423211.3751235,37481,"[173] Hello, this",17,1
1748423211.419041,49511,[174] is a test m,17,1
1748423211.4568517,0,[175]essage. Hell,17,1
1748424881.0897555,17308,"[3], this is a ",15,1
1748424881.0904288,0,[4]test message,15,1
1748424881.0909886,60576,[6]s is a test ,15,1
1748424881.0913622,0,"[0]Hello, this ",15,1
1748424881.0917716,0,"[5]. Hello, thi",15,1
1748424881.0936973,50793,[7]message. Hel,15,1
1748424881.0941608,42923,[1]is a test me,15,1
1748424881.0946972,0,[2]ssage. Hello,15,1
1748424882.141704,0,"[0]Hello, this ",15,1
1748424882.1421282,0,"[5]. Hello, thi",15,1
1748424882.142476,60576,[6]s is a test ,15,1
1748424882.1429267,48239,[2]ssage. Hello,15,1
1748424882.1434875,0,"[3], this is a ",15,1
1748424882.1495004,0,[7]message. Hel,15,1
1748424882.1499271,26705,[4]test message,15,1
1748424882.154527,0,[1]is a test me,15,1
1748424882.2875872,0,"[8]lo, this is ",15,1
1748424882.3315425,0,"[10]ge. Hello, t",16,1
1748424882.331794,0,"[13]ello, this i",16,1
1748424882.3320663,53314,[14]s a test mes,16,1
1748424882.33966,44370,[9]a test messa,15,1
1748424882.3474352,0,[11]his is a tes,16,1
1748424882.347748,0,[12]t message. H,16,1
1748424882.395652,58456,"[15]sage. Hello,",16,1
1748424882.4515738,0,[16] this is a t,16,1
1748424882.5417206,4638,"[18] Hello, this",16,1
1748424882.5475209,36411,[17]est message.,16,1
1748424882.595506,0,[19] is a test m,16,1
1748424882.6407943,62224,[20]essage. Hell,16,1
1748424882.6485264,55284,[22] test messag,16,1
1748424882.649466,8254,"[21]o, this is a",16,1
1748424882.6965728,7010,"[23]e. Hello, th",16,1
1748424882.7314978,0,[24]is is a test,16,1
1748424882.796742,14864,[25] message. He,16,1
1748424882.8046916,53042,"[26]llo, this is",16,1
1748424882.8456335,5115,[27] a test mess,16,1
1748424882.894568,0,"[28]age. Hello, ",16,1
1748424882.940721,5120,[30]st message. ,16,1
1748424882.9410243,50769,[29]this is a te,16,1
1748424882.9744742,0,"[31]Hello, this ",16,1
1748424883.0104265,0,[32]is a test me,16,1
1748424883.044561,59150,[33]ssage. Hello,16,1
1748424883.0995786,5014,"[34], this is a ",16,1
1748424883.1526878,0,[35]test message,16,1
1748424883.1807268,0,"[36]. Hello, thi",16,1
1748424883.2448237,6207,[37]s is a test ,16,1
1748424883.2452006,0,[38]message. Hel,16,1
1748424883.296692,839,"[39]lo, this is ",16,1
1748424883.3326619,0,[40]a test messa,16,1
1748424883.377565,15171,"[41]ge. Hello, t",16,1
1748424883.4207356,10485,[42]his is a tes,16,1
1748424883.4637394,55139,[43]t message. H,16,1
1748424883.5119734,0,"[44]ello, this i",16,1
1748424883.629605,0,[45]s a test mes,16,1
1748424883.6375842,58197,"[46]sage. Hello,",16,1
1748424883.6816125,0,[47] this is a t,16,1
1748424883.7345788,0,[48]est message.,16,1
1748424883.7947633,4379,"[49] Hello, this",16,1
1748424883.851683,6473,[50] is a test m,16,1
1748424883.8926387,61965,[51]essage. Hell,16,1
1748424883.956688,0,"[52]o, this is a",16,1
1748424884.0207496,55025,[53] test messag,16,1
1748424884.068695,0,"[54]e. Hello, th",16,1
1748424884.1117098,0,[55]is is a test,16,1
1748424884.1516623,0,[56] message. He,16,1
1748424884.199646,0,"[57]llo, this is",16,1
1748424884.244702,4856,[58] a test mess,16,1
1748424884.2927961,0,"[59]age. Hello, ",16,1
1748424884.3357387,53069,[60]this is a te,16,1
1748424884.380764,4861,[61]st message. ,16,1
1748424884.4326348,62524,"[62]Hello, this ",16,1
1748424884.4778352,0,[63]is a test me,16,1
1748424884.5254424,0,[64]ssage. Hello,16,1
1748424884.569441,4755,"[65], this is a ",16,1
1748424884.6054955,0,[66]test message,16,1
1748424884.6615212,0,"[67]. Hello, thi",16,1
1748424884.7145998,0,[68]s is a test ,16,1
1748424884.7745502,0,[69]message. Hel,16,1
1748424884.8216007,3139,"[70]lo, this is ",16,1
1748424884.8676805,54011,[71]a test messa,16,1
1748424884.9155035,0,"[72]ge. Hello, t",16,1
1748424884.9579988,10226,[73]his is a tes,16,1
1748424885.0036438,54880,[74]t message. H,16,1
1748424885.0474427,0,"[75]ello, this i",16,1
1748424885.092734,52796,[76]s a test mes,16,1
1748424885.1406863,57938,"[77]sage. Hello,",16,1
1748424885.184781,26609,[78] this is a t,16,1
1748424885.2306051,35893,[79]est message.,16,1
1748424885.270597,0,"[80] Hello, this",16,1
1748424885.3235848,6214,[81] is a test m,16,1
1748424885.3719118,61706,[82]essage. Hell,16,1
1748424885.4197726,7736,"[83]o, this is a",16,1
1748424885.4656625,0,[84] test messag,16,1
1748424885.5068212,6492,"[85]e. Hello, th",16,1
1748424885.546665,51775,[86]is is a test,16,1
1748424885.5865672,0,[87] message. He,16,1
1748424885.6305563,0,"[88]llo, this is",16,1
1748424885.6836574,4597,[89] a test mess,16,1
1748424885.7315013,12636,"[90]age. Hello, ",16,1
1748424885.7837825,0,[91]this is a te,16,1
1748424885.8314884,0,[92]st message. ,16,1
1748424885.8795974,62265,"[93]Hello, this ",16,1
1748424885.9215317,0,[94]is a test me,16,1
1748424885.969095,58632,[95]ssage. Hello,16,1
1748424886.0116415,0,"[96], this is a ",16,1
1748424886.0548506,50868,[97]test message,16,1
1748424886.0995383,13114,"[98]. Hello, thi",16,1
1748424886.147664,5689,[99]s is a test ,16,1
1748424886.188617,0,[100]message. Hel,17,1
1748424886.2324846,0,"[101]lo, this is ",17,1
1748424886.2816358,32036,[102]a test messa,17,1
1748424886.3254628,0,"[103]ge. Hello, t",17,1
1748424886.3736198,0,[104]his is a tes,17,1
1748424886.4217992,57895,[105]t message. H,17,1
1748424886.460804,30822,"[106]ello, this i",17,1
1748424886.5085185,48671,[107]s a test mes,17,1
1748424886.545537,0,"[108]sage. Hello,",17,1
1748424886.5905309,29369,[109] this is a t,17,1
1748424886.650516,0,[110]est message.,17,1
1748424886.698706,0,"[111] Hello, this",17,1
1748424886.7436934,0,[112] is a test m,17,1
1748424886.7996397,0,[113]essage. Hell,17,1
1748424886.8476024,47471,"[114]o, this is a",17,1
1748424886.8934948,0,[115] test messag,17,1
1748424886.9337997,56682,"[116]e. Hello, th",17,1
1748424886.9816527,49435,[117]is is a test,17,1
1748424887.0285716,35721,[118] message. He,17,1
1748424887.0735855,0,"[119]llo, this is",17,1
1748424887.1185122,0,[120] a test mess,17,1
1748424887.159608,56706,"[121]age. Hello, ",17,1
1748424887.2047663,0,[122]this is a te,17,1
1748424887.2495127,0,[123]st message. ,17,1
1748424887.297622,0,"[124]Hello, this ",17,1
1748424887.3455799,0,[125]is a test me,17,1
1748424887.389569,35382,[126]ssage. Hello,17,1
1748424887.445631,4451,"[127], this is a ",17,1
1748424887.4975033,0,[128]test message,17,1
1748424887.557795,48004,"[129]. Hello, thi",17,1
1748424887.5985098,47473,[130]s is a test ,17,1
1748424887.643514,0,[131]message. Hel,17,1
1748424887.7056243,49500,"[132]lo, this is ",17,1
1748424887.7515702,31267,[133]a test messa,17,1
1748424887.796546,48778,"[134]ge. Hello, t",17,1
1748424887.8525634,28792,[135]his is a tes,17,1
1748424887.895492,0,[136]t message. H,17,1
1748424887.9325001,30053,"[137]ello, this i",17,1
1748424887.9767308,47902,[138]s a test mes,17,1
1748424888.0134766,53554,"[139]sage. Hello,",17,1
1748424888.06151,0,[140] this is a t,17,1
1748424888.1035266,45798,[141]est message.,17,1
1748424888.1596391,38250,"[142] Hello, this",17,1
1748424888.2046876,0,[143] is a test m,17,1
1748424888.2646608,0,[144]essage. Hell,17,1
1748424888.3086011,46702,"[145]o, this is a",17,1
1748424888.3559034,27942,[146] test messag,17,1
1748424888.4078562,0,"[147]e. Hello, th",17,1
1748424888.448439,0,[148]is is a test,17,1
1748424888.4996445,34952,[149] message. He,17,1
1748424888.5394692,0,"[150]llo, this is",17,1
1748424888.5916336,29292,[151] a test mess,17,1
1748424888.6354835,0,"[152]age. Hello, ",17,1
1748424888.674789,51486,[153]this is a te,17,1
1748424888.7145221,30818,[154]st message. ,17,1
1748424888.770657,47171,"[155]Hello, this ",17,1
1748424888.8255396,0,[156]is a test me,17,1
1748424888.88178,0,[157]ssage. Hello,17,1
1748424888.9268394,3682,"[158], this is a ",17,1
1748424888.969583,0,[159]test message,17,1
1748424889.0145457,0,"[160]. Hello, thi",17,1
1748424889.0596957,46704,[161]s is a test ,17,1
1748424889.1037562,36921,[162]message. Hel,17,1
1748424889.1456048,48731,"[163]lo, this is ",17,1
1748424889.1856089,0,[164]a test messa,17,1
1748424889.2266374,48009,"[165]ge. Hello, t",17,1
1748424889.2694206,0,[166]his is a tes,17,1
1748424889.3157768,0,[167]t message. H,17,1
1748424889.3595183,0,"[168]ello, this i",17,1
1748424889.40147,0,[169]s a test mes,17,1
1748424889.4455318,52539,"[170]sage. Hello,",17,1
1748424889.4824827,0,[171] this is a t,17,1
1748424889.5266325,45029,[172]est message.,17,1
1748424889.562508,37481,"[173] Hello, this",17,1
1748424889.6045096,49511,[174] is a test m,17,1
1748424889.6528106,0,[175]essage. Hell,17,1
1748424889.6966922,0,"[176]o, this is a",17,1
1748424889.7408595,27173,[177] test messag,17,1
1748424889.7804377,0,"[178]e. Hello, th",17,1
1748424889.825741,0,[179]is is a test,17,1
1748424889.8695903,0,[180] message. He,17,1
1748424889.9154627,0,"[181]llo, this is",17,1
1748424889.9586112,28523,[182] a test mess,17,1
1748424890.0030055,55168,"[183]age. Hello, ",17,1
1748424890.0434759,0,[184]this is a te,17,1
1748424890.0838418,30049,[185]st message. ,17,1
1748424890.1336293,46402,"[186]Hello, this ",17,1
1748424890.1815464,0,[187]is a test me,17,1
1748424890.2335193,33844,[188]ssage. Hello,17,1
1748424890.2825272,2913,"[189], this is a ",17,1
1748424890.3296304,12064,[190]test message,17,1
1748424890.3745935,46220,"[191]. Hello, thi",17,1
1748424890.4224846,0,[192]s is a test ,17,1
1748424890.4646814,36152,[193]message. Hel,17,1
1748424890.505553,47962,"[194]lo, this is ",17,1
1748424890.5494866,29729,[195]a test messa,17,1
1748424890.5995922,0,"[196]ge. Hello, t",17,1
1748424890.6479297,27254,[197]his is a tes,17,1
1748424890.696845,55588,[198]t message. H,17,1
1748424890.7447388,0,"[199]ello, this i",17,1
1748424890.7926357,0,[200]s a test mes,17,1
1748424890.8398018,54329,"[201]sage. Hello,",17,1
1748424890.8795264,29375,[202] this is a t,17,1
1748424890.9167461,0,[203]est message.,17,1
1748424890.9758024,0,"[204] Hello, this",17,1
1748424891.0387077,51301,[205] is a test m,17,1
1748424891.0955355,0,[206]essage. Hell,17,1
1748424891.1486268,47723,"[207]o, this is a",17,1
1748424891.1964025,0,[208] test messag,17,1
1748424891.2448287,56934,"[209]e. Hello, th",17,1
1748424891.2906704,49441,[210]is is a test,17,1
1748424891.3386788,35727,[211] message. He,17,1
1748424891.3757362,0,"[212]llo, this is",17,1
1748424891.4207315,0,[213] a test mess,17,1
1748424891.4624743,56958,"[214]age. Hello, ",17,1
1748424891.5104613,0,[215]this is a te,17,1
1748424891.550681,0,[216]st message. ,17,1
1748424891.5956109,48192,"[217]Hello, this ",17,1
1748424891.6395335,30318,[218]is a test me,17,1
1748424891.688655,35634,[219]ssage. Hello,17,1
1748424891.7465496,0,"[220], this is a ",17,1
1748424891.7985358,13854,[221]test message,17,1
1748424891.8514159,0,"[222]. Hello, thi",17,1
1748424891.9075327,0,[223]s is a test ,17,1
1748424891.9717197,0,[224]message. Hel,17,1
1748424892.0156672,0,"[225]lo, this is ",17,1
1748424892.075608,31519,[226]a test messa,17,1
1748424892.1224332,0,"[227]ge. Hello, t",17,1
1748424892.180951,29044,[228]his is a tes,17,1
1748424892.2429278,57378,[229]t message. H,17,1
1748424892.2955835,30059,"[230]ello, this i",17,1
1748424892.338917,0,[231]s a test mes,17,1
1748424892.3784404,0,"[232]sage. Hello,",17,1
1748424892.4205914,28606,[233] this is a t,17,1
1748424892.466454,0,[234]est message.,17,1
1748424892.507502,0,"[235] Hello, this",17,1
1748424892.559516,0,[236] is a test m,17,1
1748424892.6044688,0,[237]essage. Hell,17,1
1748424892.6496005,46954,"[238]o, this is a",17,1
1748424892.6946292,28194,[239] test messag,17,1
1748424892.738449,0,"[240]e. Hello, th",17,1
1748424892.7869802,48672,[241]is is a test,17,1
1748424892.8307886,34958,[242] message. He,17,1
1748424892.8826983,0,"[243]llo, this is",17,1
1748424892.927767,29544,[244] a test mess,17,1
1748424892.9725447,56189,"[245]age. Hello, ",17,1
1748424893.0248313,51738,[246]this is a te,17,1
1748424893.0846322,31070,[247]st message. ,17,1
1748424893.1306026,0,"[248]Hello, this ",17,1
1748424893.1745532,29549,[249]is a test me,17,1
1748424893.219548,34619,[250]ssage. Hello,17,1
1748424893.2718604,3688,"[251], this is a ",17,1
1748424893.328719,0,[252]test message,17,1
1748424893.3786592,47241,"[253]. Hello, thi",17,1
1748424893.4228451,46956,[254]s is a test ,17,1
1748424893.4704607,0,[255]message. Hel,17,1
1748424893.5145147,0,"[256]lo, this is ",17,1
1748424893.5585086,30750,[257]a test messa,17,1
1748424893.6066725,48261,"[258]ge. Hello, t",17,1
1748424893.661047,0,[259]his is a tes,17,1
1748424893.7014437,0,[260]t message. H,17,1
1748424893.7446449,29290,"[261]ello, this i",17,1
1748424893.7885823,0,[262]s a test mes,17,1
1748424893.8337674,52791,"[263]sage. Hello,",17,1
1748424893.881786,0,[264] this is a t,17,1
1748424893.9228163,45281,[265]est message.,17,1
1748424893.9705102,37733,"[266] Hello, this",17,1
1748424894.0107934,49763,[267] is a test m,17,1
1748424894.0506516,0,[268]essage. Hell,17,1
1748424894.0917711,0,"[269]o, this is a",17,1
1748424894.14651,27179,[270] test messag,17,1
1748424894.191678,0,"[271]e. Hello, th",17,1
1748424894.2395432,0,[272]is is a test,17,1
1748424894.2845082,34189,[273] message. He,17,1
1748424894.3326654,43042,"[274]llo, this is",17,1
1748424894.375681,28775,[275] a test mess,17,1
1748424894.4275506,0,"[276]age. Hello, ",17,1
1748424894.4736555,50969,[277]this is a te,17,1
1748424894.525754,0,[278]st message. ,17,1
1748424894.5775,0,"[279]Hello, this ",17,1
1748424894.6256957,0,[280]is a test me,17,1
1748424894.6704807,0,[281]ssage. Hello,17,1
1748424894.7296565,2919,"[282], this is a ",17,1
1748424894.7775517,0,[283]test message,17,1
1748424894.838887,46472,"[284]. Hello, thi",17,1
1748424894.8716345,46187,[285]s is a test ,17,1
1748424894.9207432,36404,[286]message. Hel,17,1
1748424894.9706752,0,"[287]lo, this is ",17,1
1748424895.0145051,0,[288]a test messa,17,1
1748424895.0515273,47492,"[289]ge. Hello, t",17,1
1748424895.1075258,0,[290]his is a tes,17,1
1748424895.1504679,0,[291]t message. H,17,1
1748424895.2106404,0,"[292]ello, this i",17,1
1748424895.248525,0,[293]s a test mes,17,1
1748424895.2907696,52022,"[294]sage. Hello,",17,1
1748424895.3305087,27068,[295] this is a t,17,1
1748424895.3755581,0,[296]est message.,17,1
1748424895.419895,36964,"[297] Hello, this",17,1
1748424895.463594,48994,[298] is a test m,17,1
1748424895.507573,0,[299]essage. Hell,17,1
1748424895.547555,47729,"[300]o, this is a",17,1
1748424895.6015134,28969,[301] test messag,17,1
1748424895.6465945,56940,"[302]e. Hello, th",17,1
1748424895.6915648,49693,[303]is is a test,17,1
1748424895.7406812,0,[304] message. He,17,1
1748424895.7906225,44832,"[305]llo, this is",17,1
1748424895.834876,30565,[306] a test mess,17,1
1748424895.8826964,57210,"[307]age. Hello, ",17,1
1748424895.9276261,0,[308]this is a te,17,1
1748424895.982568,32091,[309]st message. ,17,1
1748424896.0295744,48198,"[310]Hello, this ",17,1
1748424896.0956094,0,[311]is a test me,17,1
1748424896.1355426,0,[312]ssage. Hello,17,1
1748424896.18863,4709,"[313], this is a ",17,1
1748424896.2419164,14106,[314]test message,17,1
1748424896.2941256,0,"[315]. Hello, thi",17,1
1748424896.3497913,0,[316]s is a test ,17,1
1748424896.3958805,38194,[317]message. Hel,17,1
1748424896.4355316,0,"[318]lo, this is ",17,1
1748424896.5006273,31771,[319]a test messa,17,1
1748424896.5407774,0,"[320]ge. Hello, t",17,1
1748424896.5955896,29050,[321]his is a tes,17,1
1748424896.6477213,57384,[322]t message. H,17,1
1748424896.684549,30311,"[323]ello, this i",17,1
1748424896.7406695,0,[324]s a test mes,17,1
1748424896.7765143,0,"[325]sage. Hello,",17,1
1748424896.8216739,28858,[326] this is a t,17,1
1748424896.865483,0,[327]est message.,17,1
1748424896.9108002,0,"[328] Hello, this",17,1
1748424896.9559245,50784,[329] is a test m,17,1
1748424897.0035899,35395,[330]essage. Hell,17,1
1748424897.050666,46960,"[331]o, this is a",17,1
1748424897.0916421,0,[332] test messag,17,1
1748424897.1396945,56171,"[333]e. Hello, th",17,1
1748424897.187523,0,[334]is is a test,17,1
1748424897.2316782,0,[335] message. He,17,1
1748424897.2714636,0,"[336]llo, this is",17,1
1748424897.3164763,0,[337] a test mess,17,1
1748424897.3578718,56441,"[338]age. Hello, ",17,1
1748424897.409519,0,[339]this is a te,17,1
1748424897.4577072,31076,[340]st message. ,17,1
1748424897.5054832,47429,"[341]Hello, this ",17,1
1748424897.565858,29555,[342]is a test me,17,1
1748424897.6296427,0,[343]ssage. Hello,17,1
1748424898.6735008,0,[1]is a test me,15,0
1748424898.6738386,0,[2]ssage. Hello,15,0
1748424898.674173,0,"[0]Hello, this ",15,0
1748424898.6814182,0,[4]test message,15,0
1748424898.68177,0,"[5]. Hello, thi",15,0
1748424898.6822922,60576,[6]s is a test ,15,0
1748424898.6825833,0,"[3], this is a ",15,0
1748424898.6828904,0,[7]message. Hel,15,0
1748424898.7587104,0,"[8]lo, this is ",15,0
1748424898.7593124,44370,[9]a test messa,15,0
1748424898.759638,0,"[10]ge. Hello, t",16,0
1748424898.8146331,10744,[11]his is a tes,16,0
1748424898.8903549,0,[12]t message. H,16,0
1748424898.8984382,58456,"[15]sage. Hello,",16,0
1748424898.906298,0,"[13]ello, this i",16,0
1748424898.9065745,53314,[14]s a test mes,16,0
1748424898.9515636,0,[16] this is a t,16,0
1748424899.0194018,4638,"[18] Hello, this",16,0
1748424899.0197113,36411,[17]est message.,16,0
1748424899.05545,0,[19] is a test m,16,0
1748424899.0987256,0,[20]essage. Hell,16,0
1748424899.1673799,0,[22] test messag,16,0
1748424899.1677022,7010,"[23]e. Hello, th",16,0
1748424899.1753454,0,"[21]o, this is a",16,0
1748424900.2196171,17308,"[3], this is a ",15,1
1748424900.2203681,60576,[6]s is a test ,15,1
1748424900.2207603,0,"[5]. Hello, thi",15,1
1748424900.2211857,0,[4]test message,15,1
1748424900.2215388,42923,[1]is a test me,15,1
1748424900.2218454,0,"[0]Hello, this ",15,1
1748424900.2222233,50793,[7]message. Hel,15,1
1748424900.2225046,0,[2]ssage. Hello,15,1
1748424901.267534,0,"[3], this is a ",15,1
1748424901.2679048,0,"[0]Hello, this ",15,1
1748424901.2684228,0,"[5]. Hello, thi",15,1
1748424901.275484,0,[1]is a test me,15,1
1748424901.2762465,0,[7]message. Hel,15,1
1748424901.276685,26705,[4]test message,15,1
1748424901.2772195,48239,[2]ssage. Hello,15,1
1748424901.2775807,60576,[6]s is a test ,15,1
1748424901.4463925,0,[12]t message. H,16,1
1748424901.4467747,0,"[8]lo, this is ",15,1
1748424901.4502904,0,"[10]ge. Hello, t",16,1
1748424901.4506457,44370,[9]a test messa,15,1
1748424901.4509645,53314,[14]s a test mes,16,1
1748424901.4512188,0,"[13]ello, this i",16,1
1748424901.451489,58456,"[15]sage. Hello,",16,1
1748424901.4575508,0,[11]his is a tes,16,1
1748424901.5604587,0,[16] this is a t,16,1
1748424901.6044657,36411,[17]est message.,16,1
1748424901.605092,4638,"[18] Hello, this",16,1
1748424901.6835096,0,[19] is a test m,16,1
1748424901.6839318,7010,"[23]e. Hello, th",16,1
1748424901.6842508,62224,[20]essage. Hell,16,1
1748424901.684542,8254,"[21]o, this is a",16,1
1748424901.6848693,55284,[22] test messag,16,1
1748424901.724349,0,[24]is is a test,16,1
1748424901.7655497,14864,[25] message. He,16,1
1748424901.8064528,53042,"[26]llo, this is",16,1
1748424901.877797,5115,[27] a test mess,16,1
1748424901.9536984,5120,[30]st message. ,16,1
1748424901.95399,50769,[29]this is a te,16,1
1748424901.954438,0,"[28]age. Hello, ",16,1
1748424901.954782,0,"[31]Hello, this ",16,1
1748424901.997434,0,[32]is a test me,16,1
1748424902.0505056,59150,[33]ssage. Hello,16,1
1748424902.1014504,5014,"[34], this is a ",16,1
1748424902.1656346,0,[35]test message,16,1
1748424902.2094047,0,"[36]. Hello, thi",16,1
1748424902.2814708,6207,[37]s is a test ,16,1
1748424902.2820697,839,"[39]lo, this is ",16,1
1748424902.2823715,0,[38]message. Hel,16,1
1748424902.3266153,0,[40]a test messa,16,1
1748424902.371761,15171,"[41]ge. Hello, t",16,1
1748424902.4317453,10485,[42]his is a tes,16,1
1748424902.4755065,55139,[43]t message. H,16,1
1748424902.5274742,0,"[44]ello, this i",16,1
1748424902.6114333,58197,"[46]sage. Hello,",16,1
1748424902.6119554,0,[47] this is a t,16,1
1748424902.6122625,0,[45]s a test mes,16,1
1748424902.651681,0,[48]est message.,16,1
1748424902.6965055,4379,"[49] Hello, this",16,1
1748424902.740454,6473,[50] is a test m,16,1
1748424902.7895265,61965,[51]essage. Hell,16,1
1748424902.8304412,0,"[52]o, this is a",16,1
1748424902.8824213,55025,[53] test messag,16,1
1748424902.89044,0,"[54]e. Hello, th",16,1
1748424902.946392,0,[55]is is a test,16,1
1748424902.994497,0,[56] message. He,16,1
1748424903.041416,0,"[57]llo, this is",16,1
1748424903.0998783,4856,[58] a test mess,16,1
1748424903.158518,0,"[59]age. Hello, ",16,1
1748424903.2238076,53069,[60]this is a te,16,1
1748424903.2836537,4861,[61]st message. ,16,1
1748424903.292525,62524,"[62]Hello, this ",16,1
1748424903.3565347,0,[63]is a test me,16,1
1748424903.4129143,0,[64]ssage. Hello,16,1
1748424903.4528117,4755,"[65], this is a ",16,1
1748424903.496521,0,[66]test message,16,1
1748424903.5414257,0,"[67]. Hello, thi",16,1
1748424903.5895715,0,[68]s is a test ,16,1
1748424903.6505954,0,[69]message. Hel,16,1
1748424903.6511724,3139,"[70]lo, this is ",16,1
1748424903.694596,54011,[71]a test messa,16,1
1748424903.7425253,0,"[72]ge. Hello, t",16,1
1748424903.7908275,10226,[73]his is a tes,16,1
1748424903.8346565,54880,[74]t message. H,16,1
1748424903.8794768,0,"[75]ello, this i",16,1
1748424903.926879,52796,[76]s a test mes,16,1
1748424903.9757836,57938,"[77]sage. Hello,",16,1
1748424904.0275257,26609,[78] this is a t,16,1
1748424904.0757523,35893,[79]est message.,16,1
1748424904.1228673,0,"[80] Hello, this",16,1
1748424904.1595037,6214,[81] is a test m,16,1
1748424904.2046807,61706,[82]essage. Hell,16,1
1748424904.248596,7736,"[83]o, this is a",16,1
1748424904.296498,0,[84] test messag,16,1
1748424904.3446233,6492,"[85]e. Hello, th",16,1
1748424904.3885834,51775,[86]is is a test,16,1
1748424904.4304874,0,[87] message. He,16,1
1748424904.4664576,0,"[88]llo, this is",16,1
1748424904.510703,4597,[89] a test mess,16,1
1748424904.558736,12636,"[90]age. Hello, ",16,1
1748424904.6068537,0,[91]this is a te,16,1
1748424904.6545913,0,[92]st message. ,16,1
1748424904.7028582,62265,"[93]Hello, this ",16,1
1748424904.738653,0,[94]is a test me,16,1
1748424904.786711,58632,[95]ssage. Hello,16,1
1748424904.8364582,0,"[96], this is a ",16,1
1748424904.8802166,50868,[97]test message,16,1
1748424904.9226701,13114,"[98]. Hello, thi",16,1
1748424904.9706423,5689,[99]s is a test ,16,1
1748424905.0188196,0,[100]message. Hel,17,1
1748424905.0637693,0,"[101]lo, this is ",17,1
1748424905.1116676,32036,[102]a test messa,17,1
1748424905.156508,0,"[103]ge. Hello, t",17,1
1748424905.2045028,0,[104]his is a tes,17,1
1748424905.252777,57895,[105]t message. H,17,1
1748424905.3166943,30822,"[106]ello, this i",17,1
1748424905.3725865,48671,[107]s a test mes,17,1
1748424905.4175143,0,"[108]sage. Hello,",17,1
1748424905.4777544,29369,[109] this is a t,17,1
1748424905.5255566,0,[110]est message.,17,1
1748424905.5734527,0,"[111] Hello, this",17,1
1748424905.6165447,0,[112] is a test m,17,1
1748424905.6614075,0,[113]essage. Hell,17,1
1748424905.7096958,47471,"[114]o, this is a",17,1
1748424905.7504613,0,[115] test messag,17,1
1748424905.7956004,56682,"[116]e. Hello, th",17,1
1748424905.837879,49435,[117]is is a test,17,1
1748424905.8815987,35721,[118] message. He,17,1
1748424905.920893,0,"[119]llo, this is",17,1
1748424905.968548,0,[120] a test mess,17,1
1748424906.0125356,56706,"[121]age. Hello, ",17,1
1748424906.0564246,0,[122]this is a te,17,1
1748424906.1006818,0,[123]st message. ,17,1
1748424906.1489215,0,"[124]Hello, this ",17,1
1748424906.1888201,0,[125]is a test me,17,1
1748424906.2365704,35382,[126]ssage. Hello,17,1
1748424906.2845228,4451,"[127], this is a ",17,1
1748424906.3248188,0,[128]test message,17,1
1748424906.372679,48004,"[129]. Hello, thi",17,1
1748424906.425676,47473,[130]s is a test ,17,1
1748424906.4727428,0,[131]message. Hel,17,1
1748424906.520527,49500,"[132]lo, this is ",17,1
1748424906.565547,31267,[133]a test messa,17,1
1748424906.6148403,48778,"[134]ge. Hello, t",17,1
1748424906.6625655,28792,[135]his is a tes,17,1
1748424906.702721,0,[136]t message. H,17,1
1748424906.742587,30053,"[137]ello, this i",17,1
1748424906.786485,47902,[138]s a test mes,17,1
1748424906.8357878,53554,"[139]sage. Hello,",17,1
1748424906.8795047,0,[140] this is a t,17,1
1748424906.9237137,45798,[141]est message.,17,1
1748424906.9685752,38250,"[142] Hello, this",17,1
1748424907.0165443,0,[143] is a test m,17,1
1748424907.0655954,0,[144]essage. Hell,17,1
1748424907.106757,46702,"[145]o, this is a",17,1
1748424907.1557908,27942,[146] test messag,17,1
1748424907.1999466,0,"[147]e. Hello, th",17,1
1748424907.2485313,0,[148]is is a test,17,1
1748424907.294512,34952,[149] message. He,17,1
1748424907.3406935,0,"[150]llo, this is",17,1
1748424907.3805046,29292,[151] a test mess,17,1
1748424907.4175367,0,"[152]age. Hello, ",17,1
1748424907.461508,51486,[153]this is a te,17,1
1748424907.5057476,30818,[154]st message. ,17,1
1748424907.561765,47171,"[155]Hello, this ",17,1
1748424907.6066043,0,[156]is a test me,17,1
1748424907.6636004,0,[157]ssage. Hello,17,1
1748424907.7085865,3682,"[158], this is a ",17,1
1748424907.75346,0,[159]test message,17,1
1748424907.7927,0,"[160]. Hello, thi",17,1
1748424907.841574,46704,[161]s is a test ,17,1
1748424907.8767169,36921,[162]message. Hel,17,1
1748424907.917648,48731,"[163]lo, this is ",17,1
1748424907.9584813,0,[164]a test messa,17,1
1748424908.006661,48009,"[165]ge. Hello, t",17,1
1748424908.047447,0,[166]his is a tes,17,1
1748424908.0927474,0,[167]t message. H,17,1
1748424908.1364815,0,"[168]ello, this i",17,1
1748424908.199509,0,[169]s a test mes,17,1
1748424908.2385285,52539,"[170]sage. Hello,",17,1
1748424908.286861,0,[171] this is a t,17,1
1748424908.330612,45029,[172]est message.,17,1
1748424908.3745673,37481,"[173] Hello, this",17,1
1748424908.426634,49511,[174] is a test m,17,1
1748424908.4674158,0,[175]essage. Hell,17,1
1748424908.5308444,0,"[176]o, this is a",17,1
1748424908.575534,27173,[177] test messag,17,1
1748424908.640612,0,"[178]e. Hello, th",17,1
1748424908.689536,0,[179]is is a test,17,1
1748424908.7457712,0,[180] message. He,17,1
1748424908.7936497,0,"[181]llo, this is",17,1
1748424908.8414567,28523,[182] a test mess,17,1
1748424908.8875353,55168,"[183]age. Hello, ",17,1
1748424908.936655,0,[184]this is a te,17,1
1748424908.9768338,30049,[185]st message. ,17,1
1748424909.0377455,46402,"[186]Hello, this ",17,1
1748424909.078515,0,[187]is a test me,17,1
1748424909.1326725,33844,[188]ssage. Hello,17,1
1748424909.1805427,2913,"[189], this is a ",17,1
1748424909.2326756,12064,[190]test message,17,1
1748424909.2745223,46220,"[191]. Hello, thi",17,1
1748424909.332559,0,[192]s is a test ,17,1
1748424909.3805418,36152,[193]message. Hel,17,1
1748424909.418256,47962,"[194]lo, this is ",17,1
1748424909.4696863,29729,[195]a test messa,17,1
1748424909.5267844,0,"[196]ge. Hello, t",17,1
1748424909.5866148,27254,[197]his is a tes,17,1
1748424909.6345844,55588,[198]t message. H,17,1
1748424909.6825144,0,"[199]ello, this i",17,1
1748424909.7315767,0,[200]s a test mes,17,1
1748424909.7798488,54329,"[201]sage. Hello,",17,1
1748424909.8236642,29375,[202] this is a t,17,1
1748424909.8797803,0,[203]est message.,17,1
1748424909.9274545,0,"[204] Hello, this",17,1
1748424909.971592,51301,[205] is a test m,17,1
1748424910.0165668,0,[206]essage. Hell,17,1
1748424910.0566034,47723,"[207]o, this is a",17,1
1748424910.1045575,0,[208] test messag,17,1
1748424910.1546063,56934,"[209]e. Hello, th",17,1
1748424910.1975787,49441,[210]is is a test,17,1
1748424910.245662,35727,[211] message. He,17,1
1748424910.2916126,0,"[212]llo, this is",17,1
1748424910.3355694,0,[213] a test mess,17,1
1748424910.3755815,56958,"[214]age. Hello, ",17,1
1748424910.4114597,0,[215]this is a te,17,1
1748424910.4556372,0,[216]st message. ,17,1
1748424910.5004122,48192,"[217]Hello, this ",17,1
1748424910.553711,30318,[218]is a test me,17,1
1748424910.594697,35634,[219]ssage. Hello,17,1
1748424910.6385217,0,"[220], this is a ",17,1
1748424910.6848083,13854,[221]test message,17,1
1748424910.732842,0,"[222]. Hello, thi",17,1
1748424910.774517,0,[223]s is a test ,17,1
1748424910.8184829,0,[224]message. Hel,17,1
1748424910.8594368,0,"[225]lo, this is ",17,1
1748424910.9035265,31519,[226]a test messa,17,1
1748424910.9596133,0,"[227]ge. Hello, t",17,1
1748424910.9994855,29044,[228]his is a tes,17,1
1748424911.0415068,57378,[229]t message. H,17,1
1748424911.089569,30059,"[230]ello, this i",17,1
1748424911.1275728,0,[231]s a test mes,17,1
1748424911.1834745,0,"[232]sage. Hello,",17,1
1748424911.2276695,28606,[233] this is a t,17,1
1748424911.2675292,0,[234]est message.,17,1
1748424911.3147285,0,"[235] Hello, this",17,1
1748424911.3595753,0,[236] is a test m,17,1
1748424911.4084275,0,[237]essage. Hell,17,1
1748424911.4625008,46954,"[238]o, this is a",17,1
1748424911.5065155,28194,[239] test messag,17,1
1748424911.546517,0,"[240]e. Hello, th",17,1
1748424911.5989406,48672,[241]is is a test,17,1
1748424911.640581,34958,[242] message. He,17,1
1748424911.693779,0,"[243]llo, this is",17,1
1748424911.7468905,29544,[244] a test mess,17,1
1748424911.8037043,56189,"[245]age. Hello, ",17,1
1748424911.851737,51738,[246]this is a te,17,1
1748424911.8855395,31070,[247]st message. ,17,1
1748424911.928813,0,"[248]Hello, this ",17,1
1748424911.9645581,29549,[249]is a test me,17,1
1748424912.0079217,34619,[250]ssage. Hello,17,1
1748424912.0555818,3688,"[251], this is a ",17,1
1748424912.0995154,0,[252]test message,17,1
1748424912.1456048,47241,"[253]. Hello, thi",17,1
1748424912.1896057,46956,[254]s is a test ,17,1
1748424912.2224493,0,[255]message. Hel,17,1
1748424912.264663,0,"[256]lo, this is ",17,1
1748424912.3095279,30750,[257]a test messa,17,1
1748424912.3615994,48261,"[258]ge. Hello, t",17,1
1748424912.4017975,0,[259]his is a tes,17,1
1748424912.4485977,0,[260]t message. H,17,1
1748424912.4926832,29290,"[261]ello, this i",17,1
1748424912.5445106,0,[262]s a test mes,17,1
1748424912.5887797,52791,"[263]sage. Hello,",17,1
1748424912.6297104,0,[264] this is a t,17,1
1748424912.678524,45281,[265]est message.,17,1
1748424912.7388465,37733,"[266] Hello, this",17,1
1748424912.7835004,49763,[267] is a test m,17,1
1748424912.814741,0,[268]essage. Hell,17,1
1748424912.8625839,0,"[269]o, this is a",17,1
1748424912.910514,27179,[270] test messag,17,1
1748424912.9587624,0,"[271]e. Hello, th",17,1
1748424913.0104814,0,[272]is is a test,17,1
1748424913.0508587,34189,[273] message. He,17,1
1748424913.1054957,43042,"[274]llo, this is",17,1
1748424913.1334903,28775,[275] a test mess,17,1
1748424913.1744967,0,"[276]age. Hello, ",17,1
1748424913.219722,50969,[277]this is a te,17,1
1748424913.272681,0,[278]st message. ,17,1
1748424913.314693,0,"[279]Hello, this ",17,1
1748424913.3584507,0,[280]is a test me,17,1
1748424913.3997066,0,[281]ssage. Hello,17,1
1748424913.446705,2919,"[282], this is a ",17,1
1748424913.4827685,0,[283]test message,17,1
1748424913.517874,46472,"[284]. Hello, thi",17,1
1748424913.5614953,46187,[285]s is a test ,17,1
1748424913.6055427,36404,[286]message. Hel,17,1
1748424913.641559,0,"[287]lo, this is ",17,1
1748424913.6894977,0,[288]a test messa,17,1
1748424913.735809,47492,"[289]ge. Hello, t",17,1
1748424913.7794373,0,[290]his is a tes,17,1
1748424913.833499,0,[291]t message. H,17,1
1748424913.8948812,0,"[292]ello, this i",17,1
1748424913.9398713,0,[293]s a test mes,17,1
1748424913.9877162,52022,"[294]sage. Hello,",17,1
1748424914.02788,27068,[295] this is a t,17,1
1748424914.0756557,0,[296]est message.,17,1
1748424914.1200745,36964,"[297] Hello, this",17,1
1748424914.1656778,48994,[298] is a test m,17,1
1748424914.2045286,0,[299]essage. Hell,17,1
1748424914.2437053,47729,"[300]o, this is a",17,1
1748424914.2994435,28969,[301] test messag,17,1
1748424914.3474362,56940,"[302]e. Hello, th",17,1
1748424914.3933918,49693,[303]is is a test,17,1
1748424914.437305,0,[304] message. He,17,1
1748424914.485477,44832,"[305]llo, this is",17,1
1748424914.53249,30565,[306] a test mess,17,1
1748424914.5764685,57210,"[307]age. Hello, ",17,1
1748424914.6173413,0,[308]this is a te,17,1
1748424914.6614738,32091,[309]st message. ,17,1
1748424914.7063625,48198,"[310]Hello, this ",17,1
1748424914.7545347,0,[311]is a test me,17,1
1748424914.8004096,0,[312]ssage. Hello,17,1
1748424914.831343,4709,"[313], this is a ",17,1
1748424914.8703742,14106,[314]test message,17,1
1748424914.9346733,0,"[315]. Hello, thi",17,1
1748424914.974396,0,[316]s is a test ,17,1
1748424915.0204742,38194,[317]message. Hel,17,1
1748424915.063376,0,"[318]lo, this is ",17,1
1748424915.102501,31771,[319]a test messa,17,1
1748424915.1476784,0,"[320]ge. Hello, t",17,1
1748424915.194476,29050,[321]his is a tes,17,1
1748424915.2374108,57384,[322]t message. H,17,1
1748424915.290476,30311,"[323]ello, this i",17,1
1748424915.3346457,0,[324]s a test mes,17,1
1748424915.3784432,0,"[325]sage. Hello,",17,1
1748424915.4264376,28858,[326] this is a t,17,1
1748424915.4704208,0,[327]est message.,17,1
1748424915.5143902,0,"[328] Hello, this",17,1
1748424915.5624673,50784,[329] is a test m,17,1
1748424915.6033766,35395,[330]essage. Hell,17,1
1748424915.6574543,46960,"[331]o, this is a",17,1
1748424915.7014027,0,[332] test messag,17,1
1748424915.7385342,56171,"[333]e. Hello, th",17,1
1748424915.7864425,0,[334]is is a test,17,1
1748424915.8273277,0,[335] message. He,17,1
1748424915.8784964,0,"[336]llo, this is",17,1
1748424915.940424,0,[337] a test mess,17,1
1748424915.9855826,56441,"[338]age. Hello, ",17,1
1748424916.03035,0,[339]this is a te,17,1
1748424916.0738027,31076,[340]st message. ,17,1
1748424916.117433,47429,"[341]Hello, this ",17,1
1748424916.1554089,29555,[342]is a test me,17,1
1748424916.2114508,0,[343]ssage. Hello,17,1
1748424917.259495,0,[4]test message,15,0
1748424917.2599468,0,[2]ssage. Hello,15,0
1748424917.2603936,60861,"[5]. Hello, thi",15,0
1748424917.2608414,0,"[3], this is a ",15,0
1748424917.2611341,0,[1]is a test me,15,0
1748424917.261446,0,"[0]Hello, this ",15,0
1748424917.2673051,50793,[7]message. Hel,15,0
1748424917.2677367,60576,[6]s is a test ,15,0
1748424917.3394127,0,"[8]lo, this is ",15,0
1748424917.4029155,10744,[11]his is a tes,16,0
1748424917.403343,0,[9]a test messa,15,0
1748424917.4037583,15430,"[10]ge. Hello, t",16,0
1748424917.4472785,0,[12]t message. H,16,0
1748424917.4843028,5885,"[13]ello, this i",16,0
1748424917.5194466,53314,[14]s a test mes,16,0
1748424917.5653474,0,"[15]sage. Hello,",16,0
1748424917.6273775,0,[16] this is a t,16,0
1748424917.6994739,4173,[19] is a test m,16,0
1748424917.6998456,36411,[17]est message.,16,0
1748424917.700262,4638,"[18] Hello, this",16,0
1748424917.745393,0,[20]essage. Hell,16,0
1748424917.7874606,8254,"[21]o, this is a",16,0
1748424917.8233907,0,[22] test messag,16,0
1748424917.8804471,0,"[23]e. Hello, th",16,0
1748424917.924433,0,[24]is is a test,16,0
1748424917.9724941,14864,[25] message. He,16,0
1748424918.0373874,0,[27] a test mess,16,0
1748424918.037714,0,"[26]llo, this is",16,0
1748424918.0824363,0,"[28]age. Hello, ",16,0
1748424918.1325548,50769,[29]this is a te,16,0
1748424918.1765695,5120,[30]st message. ,16,0
1748424918.2245526,0,"[31]Hello, this ",16,0
1748424918.269432,0,[32]is a test me,16,0
1748424918.3168302,59150,[33]ssage. Hello,16,0
1748424918.3676581,5014,"[34], this is a ",16,0
1748424918.4144228,51386,[35]test message,16,0
1748424918.4553864,0,"[36]. Hello, thi",16,0
1748424918.517372,0,[37]s is a test ,16,0
1748424918.5543911,57624,[38]message. Hel,16,0
1748424918.6107302,839,"[39]lo, this is ",16,0
1748424918.666511,0,[40]a test messa,16,0
1748424918.7113812,0,"[41]ge. Hello, t",16,0
1748424918.756591,10485,[42]his is a tes,16,0
1748424918.8056142,55139,[43]t message. H,16,0
1748424918.8493574,0,"[44]ello, this i",16,0
1748424918.8974833,53055,[45]s a test mes,16,0
1748424918.9425886,58197,"[46]sage. Hello,",16,0
1748424918.987364,0,[47] this is a t,16,0
1748424919.0435717,0,[48]est message.,16,0
1748424919.0957394,4379,"[49] Hello, this",16,0
1748424919.1433704,0,[50] is a test m,16,0
1748424919.1884096,61965,[51]essage. Hell,16,0
1748424919.2312996,0,"[52]o, this is a",16,0
1748424919.2797608,55025,[53] test messag,16,0
1748424919.3284335,6751,"[54]e. Hello, th",16,0
1748424919.3723948,52034,[55]is is a test,16,0
1748424919.417332,0,[56] message. He,16,0
1748424919.4654534,52783,"[57]llo, this is",16,0
1748424919.514486,4856,[58] a test mess,16,0
1748424919.5634744,10336,"[59]age. Hello, ",16,0
1748424919.6114364,0,[60]this is a te,16,0
1748424919.6562972,0,[61]st message. ,16,0
1748424919.7014196,62524,"[62]Hello, this ",16,0
1748424919.7463634,0,[63]is a test me,16,0
1748424920.7896094,17308,"[3], this is a ",15,1
1748424920.7899415,0,[2]ssage. Hello,15,1
1748424920.790233,0,"[0]Hello, this ",15,1
1748424920.7906241,42923,[1]is a test me,15,1
1748424920.797392,60576,[6]s is a test ,15,1
1748424920.7977703,50793,[7]message. Hel,15,1
1748424920.7981548,0,"[5]. Hello, thi",15,1
1748424920.8053095,0,[4]test message,15,1
1748424921.8494413,26705,[4]test message,15,1
1748424921.8498201,0,"[5]. Hello, thi",15,1
1748424921.8501654,0,"[3], this is a ",15,1
1748424921.850508,60576,[6]s is a test ,15,1
1748424921.8508017,0,"[0]Hello, this ",15,1
1748424921.8511384,0,[7]message. Hel,15,1
1748424921.8573213,0,[1]is a test me,15,1
1748424921.8577101,48239,[2]ssage. Hello,15,1
1748424921.9224868,0,"[8]lo, this is ",15,1
1748424921.9974625,44370,[9]a test messa,15,1
1748424922.0463953,0,"[10]ge. Hello, t",16,1
1748424922.1243021,0,[11]his is a tes,16,1
1748424922.124624,53314,[14]s a test mes,16,1
1748424922.1323283,58456,"[15]sage. Hello,",16,1
1748424922.1326072,0,[12]t message. H,16,1
1748424922.1331344,0,"[13]ello, this i",16,1
1748424922.176241,0,[16] this is a t,16,1
1748424922.2254226,36411,[17]est message.,16,1
1748424922.2623754,4638,"[18] Hello, this",16,1
1748424922.3043215,0,[19] is a test m,16,1
1748424922.3494408,62224,[20]essage. Hell,16,1
1748424922.43064,7010,"[23]e. Hello, th",16,1
1748424922.4309564,8254,"[21]o, this is a",16,1
1748424922.4475188,55284,[22] test messag,16,1
1748424922.4923303,0,[24]is is a test,16,1
1748424922.5443637,14864,[25] message. He,16,1
1748424922.588368,53042,"[26]llo, this is",16,1
1748424922.6337118,5115,[27] a test mess,16,1
1748424922.6756248,0,"[28]age. Hello, ",16,1
1748424922.7234511,50769,[29]this is a te,16,1
1748424922.7913234,0,"[31]Hello, this ",16,1
1748424922.791642,5120,[30]st message. ,16,1
1748424922.8394735,0,[32]is a test me,16,1
1748424922.9015846,59150,[33]ssage. Hello,16,1
1748424922.9413538,5014,"[34], this is a ",16,1
1748424922.9894958,0,[35]test message,16,1
1748424923.049484,0,"[36]. Hello, thi",16,1
1748424923.0994585,6207,[37]s is a test ,16,1
1748424923.1484637,0,[38]message. Hel,16,1
1748424923.19643,839,"[39]lo, this is ",16,1
1748424923.245686,0,[40]a test messa,16,1
1748424923.290379,15171,"[41]ge. Hello, t",16,1
1748424923.336498,10485,[42]his is a tes,16,1
1748424923.3827462,55139,[43]t message. H,16,1
1748424923.4273748,0,"[44]ello, this i",16,1
1748424923.4754052,0,[45]s a test mes,16,1
1748424923.5207644,58197,"[46]sage. Hello,",16,1
1748424923.5684285,0,[47] this is a t,16,1
1748424923.6127315,0,[48]est message.,16,1
1748424923.661489,4379,"[49] Hello, this",16,1
1748424923.7095156,6473,[50] is a test m,16,1
1748424923.7534275,61965,[51]essage. Hell,16,1
1748424923.7994385,0,"[52]o, this is a",16,1
1748424923.8488922,55025,[53] test messag,16,1
1748424923.8934414,0,"[54]e. Hello, th",16,1
1748424923.941357,0,[55]is is a test,16,1
1748424923.994635,0,[56] message. He,16,1
1748424924.060557,0,"[57]llo, this is",16,1
1748424924.1054711,4856,[58] a test mess,16,1
1748424924.1514354,0,"[59]age. Hello, ",16,1
1748424924.19977,53069,[60]this is a te,16,1
1748424924.246448,4861,[61]st message. ,16,1
1748424924.2924428,62524,"[62]Hello, this ",16,1
1748424924.3403535,0,[63]is a test me,16,1
1748424924.3884368,0,[64]ssage. Hello,16,1
1748424924.4265037,4755,"[65], this is a ",16,1
1748424924.4744477,0,[66]test message,16,1
1748424924.5304224,0,"[67]. Hello, thi",16,1
1748424924.5793087,0,[68]s is a test ,16,1
1748424924.6256847,0,[69]message. Hel,16,1
1748424924.670436,3139,"[70]lo, this is ",16,1
1748424924.7154746,54011,[71]a test messa,16,1
1748424924.7604117,0,"[72]ge. Hello, t",16,1
1748424924.8053296,10226,[73]his is a tes,16,1
1748424924.8496943,54880,[74]t message. H,16,1
1748424924.8973842,0,"[75]ello, this i",16,1
1748424924.9415193,52796,[76]s a test mes,16,1
1748424924.9908197,57938,"[77]sage. Hello,",16,1
1748424925.0304365,26609,[78] this is a t,16,1
1748424925.078774,35893,[79]est message.,16,1
1748424925.1264706,0,"[80] Hello, this",16,1
1748424925.1707706,6214,[81] is a test m,16,1
1748424925.211657,61706,[82]essage. Hell,16,1
1748424925.2595558,7736,"[83]o, this is a",16,1
1748424925.3074274,0,[84] test messag,16,1
1748424925.3447075,6492,"[85]e. Hello, th",16,1
1748424925.3993912,51775,[86]is is a test,16,1
1748424925.4396536,0,[87] message. He,16,1
1748424925.4874284,0,"[88]llo, this is",16,1
1748424925.5494545,4597,[89] a test mess,16,1
1748424925.597523,12636,"[90]age. Hello, ",16,1
1748424925.6414435,0,[91]this is a te,16,1
1748424925.6834533,0,[92]st message. ,16,1
1748424925.7234907,62265,"[93]Hello, this ",16,1
1748424925.7713552,0,[94]is a test me,16,1
1748424925.8154776,58632,[95]ssage. Hello,16,1
1748424925.8593376,0,"[96], this is a ",16,1
1748424925.9034853,50868,[97]test message,16,1
1748424925.9524615,13114,"[98]. Hello, thi",16,1
1748424925.9923565,5689,[99]s is a test ,16,1
1748424926.0394785,0,[100]message. Hel,17,1
1748424926.0853791,0,"[101]lo, this is ",17,1
1748424926.1328125,32036,[102]a test messa,17,1
1748424926.1703415,0,"[103]ge. Hello, t",17,1
1748424926.2224624,0,[104]his is a tes,17,1
1748424926.275562,57895,[105]t message. H,17,1
1748424926.332516,30822,"[106]ello, this i",17,1
1748424926.374457,48671,[107]s a test mes,17,1
1748424926.4224107,0,"[108]sage. Hello,",17,1
1748424926.4637244,29369,[109] this is a t,17,1
1748424926.5124288,0,[110]est message.,17,1
1748424926.5563717,0,"[111] Hello, this",17,1
1748424926.6043663,0,[112] is a test m,17,1
1748424926.649329,0,[113]essage. Hell,17,1
1748424926.6986248,47471,"[114]o, this is a",17,1
1748424926.744348,0,[115] test messag,17,1
1748424926.7914155,56682,"[116]e. Hello, th",17,1
1748424926.839468,49435,[117]is is a test,17,1
1748424926.8874233,35721,[118] message. He,17,1
1748424926.932499,0,"[119]llo, this is",17,1
1748424926.978451,0,[120] a test mess,17,1
1748424927.020716,56706,"[121]age. Hello, ",17,1
1748424927.0644352,0,[122]this is a te,17,1
1748424927.1085773,0,[123]st message. ,17,1
1748424927.173737,0,"[124]Hello, this ",17,1
1748424927.213686,0,[125]is a test me,17,1
1748424927.2586799,35382,[126]ssage. Hello,17,1
1748424927.3023715,4451,"[127], this is a ",17,1
1748424927.3474119,0,[128]test message,17,1
1748424927.3944407,48004,"[129]. Hello, thi",17,1
1748424927.4387147,47473,[130]s is a test ,17,1
1748424927.482407,0,[131]message. Hel,17,1
1748424927.5245268,49500,"[132]lo, this is ",17,1
1748424927.5723844,31267,[133]a test messa,17,1
1748424927.6165977,48778,"[134]ge. Hello, t",17,1
1748424927.6604154,28792,[135]his is a tes,17,1
1748424927.6944008,0,[136]t message. H,17,1
1748424927.734493,30053,"[137]ello, this i",17,1
1748424927.7783878,47902,[138]s a test mes,17,1
1748424927.80739,53554,"[139]sage. Hello,",17,1
1748424927.855396,0,[140] this is a t,17,1
1748424927.892377,45798,[141]est message.,17,1
1748424927.942637,38250,"[142] Hello, this",17,1
1748424927.9986649,0,[143] is a test m,17,1
1748424928.0634558,0,[144]essage. Hell,17,1
1748424928.1074312,46702,"[145]o, this is a",17,1
1748424928.1514854,27942,[146] test messag,17,1
1748424928.2134366,0,"[147]e. Hello, th",17,1
1748424928.2544725,0,[148]is is a test,17,1
1748424928.2984552,34952,[149] message. He,17,1
1748424928.3394332,0,"[150]llo, this is",17,1
1748424928.3753765,29292,[151] a test mess,17,1
1748424928.4244,0,"[152]age. Hello, ",17,1
1748424928.455409,51486,[153]this is a te,17,1
1748424928.5034268,30818,[154]st message. ,17,1
1748424928.547536,47171,"[155]Hello, this ",17,1
1748424928.5834894,0,[156]is a test me,17,1
1748424928.6395953,0,[157]ssage. Hello,17,1
1748424928.7036564,3682,"[158], this is a ",17,1
1748424928.7433956,0,[159]test message,17,1
1748424928.784407,0,"[160]. Hello, thi",17,1
1748424928.8288212,46704,[161]s is a test ,17,1
1748424928.872751,36921,[162]message. Hel,17,1
1748424928.9163933,48731,"[163]lo, this is ",17,1
1748424928.963393,0,[164]a test messa,17,1
1748424929.0193949,48009,"[165]ge. Hello, t",17,1
1748424929.0595,0,[166]his is a tes,17,1
1748424929.0994263,0,[167]t message. H,17,1
1748424929.144511,0,"[168]ello, this i",17,1
1748424929.1904628,0,[169]s a test mes,17,1
1748424929.235494,52539,"[170]sage. Hello,",17,1
1748424929.2853208,0,[171] this is a t,17,1
1748424929.3464382,45029,[172]est message.,17,1
1748424929.3945427,37481,"[173] Hello, this",17,1
1748424929.431436,49511,[174] is a test m,17,1
1748424929.4725935,0,[175]essage. Hell,17,1
1748424929.5313594,0,"[176]o, this is a",17,1
1748424929.580567,27173,[177] test messag,17,1
1748424929.6244805,0,"[178]e. Hello, th",17,1
1748424929.6783285,0,[179]is is a test,17,1
1748424929.7275016,0,[180] message. He,17,1
1748424929.7672791,0,"[181]llo, this is",17,1
1748424929.8124142,28523,[182] a test mess,17,1
1748424929.860432,55168,"[183]age. Hello, ",17,1
1748424929.9076693,0,[184]this is a te,17,1
1748424929.968468,30049,[185]st message. ,17,1
1748424930.0203478,46402,"[186]Hello, this ",17,1
1748424930.0683537,0,[187]is a test me,17,1
1748424930.1164677,33844,[188]ssage. Hello,17,1
1748424930.1544929,2913,"[189], this is a ",17,1
1748424930.195509,12064,[190]test message,17,1
1748424930.2415302,46220,"[191]. Hello, thi",17,1
1748424930.2843912,0,[192]s is a test ,17,1
1748424930.3334773,36152,[193]message. Hel,17,1
1748424930.3775828,47962,"[194]lo, this is ",17,1
1748424930.4163673,29729,[195]a test messa,17,1
1748424930.4604254,0,"[196]ge. Hello, t",17,1
1748424930.5084057,27254,[197]his is a tes,17,1
1748424930.561451,55588,[198]t message. H,17,1
1748424930.609378,0,"[199]ello, this i",17,1
1748424930.6543503,0,[200]s a test mes,17,1
1748424930.6993525,54329,"[201]sage. Hello,",17,1
1748424930.7463186,29375,[202] this is a t,17,1
1748424930.795414,0,[203]est message.,17,1
1748424930.858473,0,"[204] Hello, this",17,1
1748424930.9065077,51301,[205] is a test m,17,1
1748424930.9504359,0,[206]essage. Hell,17,1
1748424931.007449,47723,"[207]o, this is a",17,1
1748424931.0555139,0,[208] test messag,17,1
1748424931.1003728,56934,"[209]e. Hello, th",17,1
1748424931.144483,49441,[210]is is a test,17,1
1748424931.1884644,35727,[211] message. He,17,1
1748424931.2383888,0,"[212]llo, this is",17,1
1748424931.2854183,0,[213] a test mess,17,1
1748424931.3226402,56958,"[214]age. Hello, ",17,1
1748424931.3615017,0,[215]this is a te,17,1
1748424931.4043107,0,[216]st message. ,17,1
1748424931.444343,48192,"[217]Hello, this ",17,1
1748424931.4984276,30318,[218]is a test me,17,1
1748424931.5454118,35634,[219]ssage. Hello,17,1
1748424931.5874062,0,"[220], this is a ",17,1
1748424931.623369,13854,[221]test message,17,1
1748424931.6703901,0,"[222]. Hello, thi",17,1
1748424931.7143042,0,[223]s is a test ,17,1
1748424931.761467,0,[224]message. Hel,17,1
1748424931.805459,0,"[225]lo, this is ",17,1
1748424931.8484228,31519,[226]a test messa,17,1
1748424931.8943741,0,"[227]ge. Hello, t",17,1
1748424931.935403,29044,[228]his is a tes,17,1
1748424931.9784276,57378,[229]t message. H,17,1
1748424932.0264077,30059,"[230]ello, this i",17,1
1748424932.0764542,0,[231]s a test mes,17,1
1748424932.1163354,0,"[232]sage. Hello,",17,1
1748424932.15654,28606,[233] this is a t,17,1
1748424932.205404,0,[234]est message.,17,1
1748424932.2503464,0,"[235] Hello, this",17,1
1748424932.2934303,0,[236] is a test m,17,1
1748424932.341336,0,[237]essage. Hell,17,1
1748424932.3864045,46954,"[238]o, this is a",17,1
1748424932.435394,28194,[239] test messag,17,1
1748424932.4714022,0,"[240]e. Hello, th",17,1
1748424932.5174763,48672,[241]is is a test,17,1
1748424932.5644147,34958,[242] message. He,17,1
1748424932.612375,0,"[243]llo, this is",17,1
1748424932.6615324,29544,[244] a test mess,17,1
1748424932.7034163,56189,"[245]age. Hello, ",17,1
1748424932.7524433,51738,[246]this is a te,17,1
1748424932.7936451,31070,[247]st message. ,17,1
1748424932.8333735,0,"[248]Hello, this ",17,1
1748424932.8737028,29549,[249]is a test me,17,1
1748424932.9158392,34619,[250]ssage. Hello,17,1
1748424932.9625897,3688,"[251], this is a ",17,1
1748424932.999448,0,[252]test message,17,1
1748424933.0454457,47241,"[253]. Hello, thi",17,1
1748424933.0894377,46956,[254]s is a test ,17,1
1748424933.129296,0,[255]message. Hel,17,1
1748424933.188525,0,"[256]lo, this is ",17,1
1748424933.229363,30750,[257]a test messa,17,1
1748424933.2844625,48261,"[258]ge. Hello, t",17,1
1748424933.328331,0,[259]his is a tes,17,1
1748424933.3904276,0,[260]t message. H,17,1
1748424933.4344382,29290,"[261]ello, this i",17,1
1748424933.4743736,0,[262]s a test mes,17,1
1748424933.51549,52791,"[263]sage. Hello,",17,1
1748424933.557804,0,[264] this is a t,17,1
1748424933.6064184,45281,[265]est message.,17,1
1748424933.6504695,37733,"[266] Hello, this",17,1
1748424933.695475,49763,[267] is a test m,17,1
1748424933.7445297,0,[268]essage. Hell,17,1
1748424933.7924776,0,"[269]o, this is a",17,1
1748424933.8307586,27179,[270] test messag,17,1
1748424933.871468,0,"[271]e. Hello, th",17,1
1748424933.9193704,0,[272]is is a test,17,1
1748424933.9603977,34189,[273] message. He,17,1
1748424934.00539,43042,"[274]llo, this is",17,1
1748424934.04637,28775,[275] a test mess,17,1
1748424934.0905287,0,"[276]age. Hello, ",17,1
1748424934.135404,50969,[277]this is a te,17,1
1748424934.1803973,0,[278]st message. ,17,1
1748424934.2223501,0,"[279]Hello, this ",17,1
1748424934.2585557,0,[280]is a test me,17,1
1748424934.3013456,0,[281]ssage. Hello,17,1
1748424934.3467252,2919,"[282], this is a ",17,1
1748424934.3904347,0,[283]test message,17,1
1748424934.4264271,46472,"[284]. Hello, thi",17,1
1748424934.4663608,46187,[285]s is a test ,17,1
1748424934.511545,36404,[286]message. Hel,17,1
1748424934.5556262,0,"[287]lo, this is ",17,1
1748424934.5994122,0,[288]a test messa,17,1
1748424934.6435225,47492,"[289]ge. Hello, t",17,1
1748424934.6903663,0,[290]his is a tes,17,1
1748424934.728358,0,[291]t message. H,17,1
1748424934.7665088,0,"[292]ello, this i",17,1
1748424934.818412,0,[293]s a test mes,17,1
1748424934.8665607,52022,"[294]sage. Hello,",17,1
1748424934.914769,27068,[295] this is a t,17,1
1748424934.9624352,0,[296]est message.,17,1
1748424935.019513,36964,"[297] Hello, this",17,1
1748424935.0634005,48994,[298] is a test m,17,1
1748424935.1084282,0,[299]essage. Hell,17,1
1748424935.1566765,47729,"[300]o, this is a",17,1
1748424935.201456,28969,[301] test messag,17,1
1748424935.2463818,56940,"[302]e. Hello, th",17,1
1748424935.2915325,49693,[303]is is a test,17,1
1748424935.339472,0,[304] message. He,17,1
1748424935.3844786,44832,"[305]llo, this is",17,1
1748424935.43637,30565,[306] a test mess,17,1
1748424935.4806495,57210,"[307]age. Hello, ",17,1
1748424935.538523,0,[308]this is a te,17,1
1748424935.5899966,32091,[309]st message. ,17,1
1748424935.6344376,48198,"[310]Hello, this ",17,1
1748424935.679373,0,[311]is a test me,17,1
1748424935.7193594,0,[312]ssage. Hello,17,1
1748424935.7654083,4709,"[313], this is a ",17,1
1748424935.809505,14106,[314]test message,17,1
1748424935.8573973,0,"[315]. Hello, thi",17,1
1748424935.9003823,0,[316]s is a test ,17,1
1748424935.9564488,38194,[317]message. Hel,17,1
1748424936.0144315,0,"[318]lo, this is ",17,1
1748424936.0684137,31771,[319]a test messa,17,1
1748424936.1124508,0,"[320]ge. Hello, t",17,1
1748424936.1724524,29050,[321]his is a tes,17,1
1748424936.217449,57384,[322]t message. H,17,1
1748424936.26646,30311,"[323]ello, this i",17,1
1748424936.3104823,0,[324]s a test mes,17,1
1748424936.3763866,0,"[325]sage. Hello,",17,1
1748424936.4166713,28858,[326] this is a t,17,1
1748424936.4754045,0,[327]est message.,17,1
1748424936.524543,0,"[328] Hello, this",17,1
1748424936.5704672,50784,[329] is a test m,17,1
1748424936.614461,35395,[330]essage. Hell,17,1
1748424936.6584446,46960,"[331]o, this is a",17,1
1748424936.715455,0,[332] test messag,17,1
1748424936.7594097,56171,"[333]e. Hello, th",17,1
1748424936.7994316,0,[334]is is a test,17,1
1748424936.8456368,0,[335] message. He,17,1
1748424936.8894393,0,"[336]llo, this is",17,1
1748424936.9293427,0,[337] a test mess,17,1
1748424936.9924817,56441,"[338]age. Hello, ",17,1
1748424937.0524046,0,[339]this is a te,17,1
1748424937.099422,31076,[340]st message. ,17,1
1748424937.1474276,47429,"[341]Hello, this ",17,1
1748424937.1873329,29555,[342]is a test me,17,1
1748424937.2335675,0,[343]ssage. Hello,17,1
